t,phase,h,x,v,a,jerk,x_next,v_next,a_next,alignment_available,alignment_mean,alignment_bound
0.0,ramp_down,0.01,0.0,0.3,2.0,-4.0,0.0030993333333333333,0.3198,1.96,False,,
0.01,ramp_down,0.01,0.0030993333333333333,0.3198,1.96,-4.0,0.0063946666666666666,0.33919999999999995,1.92,False,,
0.02,ramp_down,0.01,0.0063946666666666666,0.33919999999999995,1.92,-4.0,0.009881999999999998,0.35819999999999996,1.88,False,,
0.03,ramp_down,0.01,0.009881999999999998,0.35819999999999996,1.88,-4.0,0.013557333333333333,0.37679999999999997,1.8399999999999999,False,,
0.04,ramp_down,0.01,0.013557333333333333,0.37679999999999997,1.8399999999999999,-4.0,0.017416666666666664,0.39499999999999996,1.7999999999999998,False,,
0.05,ramp_down,0.01,0.017416666666666664,0.39499999999999996,1.7999999999999998,-4.0,0.021455999999999996,0.41279999999999994,1.7599999999999998,False,,
0.060000000000000005,ramp_down,0.01,0.021455999999999996,0.41279999999999994,1.7599999999999998,-4.0,0.025671333333333327,0.4301999999999999,1.7199999999999998,False,,
0.07,ramp_down,0.01,0.025671333333333327,0.4301999999999999,1.7199999999999998,-4.0,0.03005866666666666,0.44719999999999993,1.6799999999999997,False,,
0.08,ramp_down,0.01,0.03005866666666666,0.44719999999999993,1.6799999999999997,-4.0,0.03461399999999999,0.46379999999999993,1.6399999999999997,False,,
0.09,ramp_down,0.01,0.03461399999999999,0.46379999999999993,1.6399999999999997,-4.0,0.03933333333333333,0.4799999999999999,1.5999999999999996,False,,
0.09999999999999999,ramp_down,0.01,0.03933333333333333,0.4799999999999999,1.5999999999999996,-4.0,0.044212666666666664,0.4957999999999999,1.5599999999999996,False,,
0.10999999999999999,ramp_down,0.01,0.044212666666666664,0.4957999999999999,1.5599999999999996,-4.0,0.04924799999999999,0.5111999999999999,1.5199999999999996,False,,
0.11999999999999998,ramp_down,0.01,0.04924799999999999,0.5111999999999999,1.5199999999999996,-4.0,0.05443533333333332,0.5261999999999999,1.4799999999999995,False,,
0.12999999999999998,ramp_down,0.01,0.05443533333333332,0.5261999999999999,1.4799999999999995,-4.0,0.05977066666666666,0.5407999999999998,1.4399999999999995,False,,
0.13999999999999999,ramp_down,0.01,0.05977066666666666,0.5407999999999998,1.4399999999999995,-4.0,0.06525,0.5549999999999998,1.3999999999999995,False,,
0.15,ramp_down,0.01,0.06525,0.5549999999999998,1.3999999999999995,-4.0,0.07086933333333334,0.5687999999999999,1.3599999999999994,False,,
0.16,ramp_down,0.01,0.07086933333333334,0.5687999999999999,1.3599999999999994,-4.0,0.07662466666666667,0.5821999999999998,1.3199999999999994,False,,
0.17,ramp_down,0.01,0.07662466666666667,0.5821999999999998,1.3199999999999994,-4.0,0.082512,0.5951999999999998,1.2799999999999994,False,,
0.18000000000000002,ramp_down,0.01,0.082512,0.5951999999999998,1.2799999999999994,-4.0,0.08852733333333333,0.6077999999999998,1.2399999999999993,False,,
0.19000000000000003,ramp_down,0.01,0.08852733333333333,0.6077999999999998,1.2399999999999993,-4.0,0.09466666666666666,0.6199999999999998,1.1999999999999993,False,,
0.20000000000000004,ramp_down,0.01,0.09466666666666666,0.6199999999999998,1.1999999999999993,-4.0,0.10092599999999999,0.6317999999999998,1.1599999999999993,False,,
0.21000000000000005,ramp_down,0.01,0.10092599999999999,0.6317999999999998,1.1599999999999993,-4.0,0.10730133333333333,0.6431999999999998,1.1199999999999992,False,,
0.22000000000000006,ramp_down,0.01,0.10730133333333333,0.6431999999999998,1.1199999999999992,-4.0,0.11378866666666666,0.6541999999999998,1.0799999999999992,False,,
0.23000000000000007,ramp_down,0.01,0.11378866666666666,0.6541999999999998,1.0799999999999992,-4.0,0.12038399999999999,0.6647999999999997,1.0399999999999991,False,,
0.24000000000000007,ramp_down,0.01,0.12038399999999999,0.6647999999999997,1.0399999999999991,-4.0,0.1270833333333333,0.6749999999999997,0.9999999999999991,False,,
0.25000000000000006,ramp_down,0.01,0.1270833333333333,0.6749999999999997,0.9999999999999991,-4.0,0.13388266666666665,0.6847999999999997,0.9599999999999991,False,,
0.26000000000000006,ramp_down,0.01,0.13388266666666665,0.6847999999999997,0.9599999999999991,-4.0,0.140778,0.6941999999999997,0.919999999999999,False,,
0.2700000000000001,ramp_down,0.01,0.140778,0.6941999999999997,0.919999999999999,-4.0,0.14776533333333333,0.7031999999999997,0.879999999999999,False,,
0.2800000000000001,ramp_down,0.01,0.14776533333333333,0.7031999999999997,0.879999999999999,-4.0,0.15484066666666668,0.7117999999999997,0.839999999999999,False,,
0.2900000000000001,ramp_down,0.01,0.15484066666666668,0.7117999999999997,0.839999999999999,-4.0,0.162,0.7199999999999996,0.7999999999999989,False,,
0.3000000000000001,ramp_down,0.01,0.162,0.7199999999999996,0.7999999999999989,-4.0,0.16923933333333332,0.7277999999999997,0.7599999999999989,False,,
0.3100000000000001,ramp_down,0.01,0.16923933333333332,0.7277999999999997,0.7599999999999989,-4.0,0.17655466666666667,0.7351999999999996,0.7199999999999989,False,,
0.3200000000000001,ramp_down,0.01,0.17655466666666667,0.7351999999999996,0.7199999999999989,-4.0,0.183942,0.7421999999999996,0.6799999999999988,False,,
0.3300000000000001,ramp_down,0.01,0.183942,0.7421999999999996,0.6799999999999988,-4.0,0.1913973333333333,0.7487999999999996,0.6399999999999988,False,,
0.34000000000000014,ramp_down,0.01,0.1913973333333333,0.7487999999999996,0.6399999999999988,-4.0,0.19891666666666663,0.7549999999999996,0.5999999999999988,False,,
0.35000000000000014,ramp_down,0.01,0.19891666666666663,0.7549999999999996,0.5999999999999988,-4.0,0.20649599999999996,0.7607999999999996,0.5599999999999987,False,,
0.36000000000000015,ramp_down,0.01,0.20649599999999996,0.7607999999999996,0.5599999999999987,-4.0,0.21413133333333328,0.7661999999999995,0.5199999999999987,False,,
0.37000000000000016,ramp_down,0.01,0.21413133333333328,0.7661999999999995,0.5199999999999987,-4.0,0.2218186666666666,0.7711999999999996,0.4799999999999987,False,,
0.38000000000000017,ramp_down,0.01,0.2218186666666666,0.7711999999999996,0.4799999999999987,-4.0,0.22955399999999992,0.7757999999999995,0.4399999999999987,False,,
0.3900000000000002,ramp_down,0.01,0.22955399999999992,0.7757999999999995,0.4399999999999987,-4.0,0.23733333333333326,0.7799999999999995,0.39999999999999875,False,,
0.4000000000000002,ramp_down,0.01,0.23733333333333326,0.7799999999999995,0.39999999999999875,-4.0,0.2451526666666666,0.7837999999999995,0.35999999999999877,False,,
0.4100000000000002,ramp_down,0.01,0.2451526666666666,0.7837999999999995,0.35999999999999877,-4.0,0.2530079999999999,0.7871999999999995,0.3199999999999988,False,,
0.4200000000000002,ramp_down,0.01,0.2530079999999999,0.7871999999999995,0.3199999999999988,-4.0,0.2608953333333332,0.7901999999999995,0.2799999999999988,False,,
0.4300000000000002,ramp_down,0.01,0.2608953333333332,0.7901999999999995,0.2799999999999988,-4.0,0.26881066666666653,0.7927999999999994,0.2399999999999988,False,,
0.4400000000000002,ramp_down,0.01,0.26881066666666653,0.7927999999999994,0.2399999999999988,-4.0,0.27674999999999983,0.7949999999999994,0.1999999999999988,False,,
0.45000000000000023,ramp_down,0.01,0.27674999999999983,0.7949999999999994,0.1999999999999988,-4.0,0.28470933333333315,0.7967999999999994,0.15999999999999878,False,,
0.46000000000000024,ramp_down,0.01,0.28470933333333315,0.7967999999999994,0.15999999999999878,-4.0,0.2926846666666665,0.7981999999999994,0.11999999999999877,False,,
0.47000000000000025,ramp_down,0.01,0.2926846666666665,0.7981999999999994,0.11999999999999877,-4.0,0.30067199999999983,0.7991999999999994,0.07999999999999877,False,,
0.48000000000000026,ramp_down,0.01,0.30067199999999983,0.7991999999999994,0.07999999999999877,-4.0,0.3086673333333332,0.7997999999999993,0.039999999999998766,False,,
0.49000000000000027,ramp_down,0.01,0.3086673333333332,0.7997999999999993,0.039999999999998766,-4.0,0.31666666666666654,0.7999999999999993,-1.2351231148954867e-15,False,,
0.5000000000000002,ramp_down,0.01,0.31666666666666654,0.7999999999999993,-1.2351231148954867e-15,-4.0,0.3246659999999999,0.7997999999999993,-0.040000000000001236,False,,
0.5100000000000002,ramp_down,0.01,0.3246659999999999,0.7997999999999993,-0.040000000000001236,-4.0,0.33266133333333325,0.7991999999999992,-0.08000000000000124,False,,
0.5200000000000002,ramp_down,0.01,0.33266133333333325,0.7991999999999992,-0.08000000000000124,-4.0,0.3406486666666666,0.7981999999999992,-0.12000000000000124,False,,
0.5300000000000002,ramp_down,0.01,0.3406486666666666,0.7981999999999992,-0.12000000000000124,-4.0,0.34862399999999993,0.7967999999999993,-0.16000000000000125,False,,
0.5400000000000003,ramp_down,0.01,0.34862399999999993,0.7967999999999993,-0.16000000000000125,-4.0,0.35658333333333325,0.7949999999999993,-0.20000000000000126,False,,
0.5500000000000003,ramp_down,0.01,0.35658333333333325,0.7949999999999993,-0.20000000000000126,-4.0,0.3645226666666666,0.7927999999999993,-0.24000000000000127,False,,
0.5600000000000003,ramp_down,0.01,0.3645226666666666,0.7927999999999993,-0.24000000000000127,-4.0,0.37243799999999994,0.7901999999999992,-0.28000000000000125,False,,
0.5700000000000003,ramp_down,0.01,0.37243799999999994,0.7901999999999992,-0.28000000000000125,-4.0,0.38032533333333324,0.7871999999999992,-0.32000000000000123,False,,
0.5800000000000003,ramp_down,0.01,0.38032533333333324,0.7871999999999992,-0.32000000000000123,-4.0,0.38818066666666656,0.7837999999999993,-0.3600000000000012,False,,
0.5900000000000003,ramp_down,0.01,0.38818066666666656,0.7837999999999993,-0.3600000000000012,-4.0,0.3959999999999999,0.7799999999999992,-0.4000000000000012,False,,
0.6000000000000003,ramp_down,0.01,0.3959999999999999,0.7799999999999992,-0.4000000000000012,-4.0,0.4037793333333332,0.7757999999999993,-0.44000000000000117,False,,
0.6100000000000003,ramp_down,0.01,0.4037793333333332,0.7757999999999993,-0.44000000000000117,-4.0,0.41151466666666653,0.7711999999999992,-0.48000000000000115,False,,
0.6200000000000003,ramp_down,0.01,0.41151466666666653,0.7711999999999992,-0.48000000000000115,-4.0,0.41920199999999985,0.7661999999999992,-0.5200000000000011,False,,
0.6300000000000003,ramp_down,0.01,0.41920199999999985,0.7661999999999992,-0.5200000000000011,-4.0,0.4268373333333332,0.7607999999999993,-0.5600000000000012,False,,
0.6400000000000003,ramp_down,0.01,0.4268373333333332,0.7607999999999993,-0.5600000000000012,-4.0,0.4344166666666665,0.7549999999999992,-0.6000000000000012,False,,
0.6500000000000004,ramp_down,0.01,0.4344166666666665,0.7549999999999992,-0.6000000000000012,-4.0,0.44193599999999983,0.7487999999999992,-0.6400000000000012,False,,
0.6600000000000004,ramp_down,0.01,0.44193599999999983,0.7487999999999992,-0.6400000000000012,-4.0,0.44939133333333314,0.7421999999999992,-0.6800000000000013,False,,
0.6700000000000004,ramp_down,0.01,0.44939133333333314,0.7421999999999992,-0.6800000000000013,-4.0,0.45677866666666644,0.7351999999999992,-0.7200000000000013,False,,
0.6800000000000004,ramp_down,0.01,0.45677866666666644,0.7351999999999992,-0.7200000000000013,-4.0,0.46409399999999973,0.7277999999999992,-0.7600000000000013,False,,
0.6900000000000004,ramp_down,0.01,0.46409399999999973,0.7277999999999992,-0.7600000000000013,-4.0,0.47133333333333305,0.7199999999999992,-0.8000000000000014,False,,
0.7000000000000004,ramp_down,0.01,0.47133333333333305,0.7199999999999992,-0.8000000000000014,-4.0,0.47849266666666634,0.7117999999999992,-0.8400000000000014,False,,
0.7100000000000004,ramp_down,0.01,0.47849266666666634,0.7117999999999992,-0.8400000000000014,-4.0,0.48556799999999967,0.7031999999999992,-0.8800000000000014,False,,
0.7200000000000004,ramp_down,0.01,0.48556799999999967,0.7031999999999992,-0.8800000000000014,-4.0,0.49255533333333296,0.6941999999999992,-0.9200000000000015,False,,
0.7300000000000004,ramp_down,0.01,0.49255533333333296,0.6941999999999992,-0.9200000000000015,-4.0,0.4994506666666663,0.6847999999999992,-0.9600000000000015,False,,
0.7400000000000004,ramp_down,0.01,0.4994506666666663,0.6847999999999992,-0.9600000000000015,-4.0,0.5062499999999996,0.6749999999999992,-1.0000000000000016,False,,
0.7500000000000004,ramp_down,0.01,0.5062499999999996,0.6749999999999992,-1.0000000000000016,-4.0,0.512949333333333,0.6647999999999992,-1.0400000000000016,False,,
0.7600000000000005,ramp_down,0.01,0.512949333333333,0.6647999999999992,-1.0400000000000016,-4.0,0.5195446666666663,0.6541999999999991,-1.0800000000000016,False,,
0.7700000000000005,ramp_down,0.01,0.5195446666666663,0.6541999999999991,-1.0800000000000016,-4.0,0.5260319999999996,0.6431999999999991,-1.1200000000000017,False,,
0.7800000000000005,ramp_down,0.01,0.5260319999999996,0.6431999999999991,-1.1200000000000017,-4.0,0.5324073333333329,0.6317999999999991,-1.1600000000000017,False,,
0.7900000000000005,ramp_down,0.01,0.5324073333333329,0.6317999999999991,-1.1600000000000017,-4.0,0.5386666666666663,0.6199999999999991,-1.2000000000000017,False,,
0.8000000000000005,ramp_down,0.01,0.5386666666666663,0.6199999999999991,-1.2000000000000017,-4.0,0.5448059999999996,0.6077999999999991,-1.2400000000000018,False,,
0.8100000000000005,ramp_down,0.01,0.5448059999999996,0.6077999999999991,-1.2400000000000018,-4.0,0.5508213333333329,0.5951999999999991,-1.2800000000000018,False,,
0.8200000000000005,ramp_down,0.01,0.5508213333333329,0.5951999999999991,-1.2800000000000018,-4.0,0.5567086666666662,0.582199999999999,-1.3200000000000018,False,,
0.8300000000000005,ramp_down,0.01,0.5567086666666662,0.582199999999999,-1.3200000000000018,-4.0,0.5624639999999995,0.5687999999999991,-1.3600000000000019,False,,
0.8400000000000005,ramp_down,0.01,0.5624639999999995,0.5687999999999991,-1.3600000000000019,-4.0,0.5680833333333328,0.554999999999999,-1.400000000000002,False,,
0.8500000000000005,ramp_down,0.01,0.5680833333333328,0.554999999999999,-1.400000000000002,-4.0,0.5735626666666661,0.5407999999999991,-1.440000000000002,False,,
0.8600000000000005,ramp_down,0.01,0.5735626666666661,0.5407999999999991,-1.440000000000002,-4.0,0.5788979999999994,0.526199999999999,-1.480000000000002,False,,
0.8700000000000006,ramp_down,0.01,0.5788979999999994,0.526199999999999,-1.480000000000002,-4.0,0.5840853333333327,0.511199999999999,-1.520000000000002,False,,
0.8800000000000006,ramp_down,0.01,0.5840853333333327,0.511199999999999,-1.520000000000002,-4.0,0.5891206666666661,0.49579999999999896,-1.560000000000002,False,,
0.8900000000000006,ramp_down,0.01,0.5891206666666661,0.49579999999999896,-1.560000000000002,-4.0,0.5939999999999994,0.4799999999999989,-1.600000000000002,False,,
0.9000000000000006,ramp_down,0.01,0.5939999999999994,0.4799999999999989,-1.600000000000002,-4.0,0.5987193333333328,0.4637999999999989,-1.6400000000000021,False,,
0.9100000000000006,ramp_down,0.01,0.5987193333333328,0.4637999999999989,-1.6400000000000021,-4.0,0.6032746666666662,0.4471999999999989,-1.6800000000000022,False,,
0.9200000000000006,ramp_down,0.01,0.6032746666666662,0.4471999999999989,-1.6800000000000022,-4.0,0.6076619999999996,0.43019999999999886,-1.7200000000000022,False,,
0.9300000000000006,ramp_down,0.01,0.6076619999999996,0.43019999999999886,-1.7200000000000022,-4.0,0.6118773333333329,0.41279999999999883,-1.7600000000000022,False,,
0.9400000000000006,ramp_down,0.0072135954999578145,0.6118773333333329,0.41279999999999883,-1.7600000000000022,-4.0,0.6148090636666382,0.399999999999999,-1.7888543819998335,False,,
0.9472135954999584,hold_deceleration,6.206335383118183e-17,0.6148090636666382,0.399999999999999,-1.7888543819998335,0.0,0.6148090636666382,0.3999999999999989,-1.7888543819998335,False,,
0.9472135954999585,ramp_up,0.01,0.6148090636666382,0.3999999999999989,-1.7888543819998335,4.0,0.618720287614205,0.38231145618000056,-1.7488543819998335,False,,
0.9572135954999585,ramp_up,0.01,0.618720287614205,0.38231145618000056,-1.7488543819998335,4.0,0.6224566261235716,0.3650229123600022,-1.7088543819998334,False,,
0.9672135954999586,ramp_up,0.01,0.6224566261235716,0.3650229123600022,-1.7088543819998334,4.0,0.6260220791947383,0.3481343685400039,-1.6688543819998334,False,,
0.9772135954999586,ramp_up,0.01,0.6260220791947383,0.3481343685400039,-1.6688543819998334,4.0,0.6294206468277049,0.3316458247200056,-1.6288543819998333,False,,
0.9872135954999586,ramp_up,0.01,0.6294206468277049,0.3316458247200056,-1.6288543819998333,4.0,0.6326563290224717,0.31555728090000723,-1.5888543819998333,False,,
0.9972135954999586,ramp_up,0.01,0.6326563290224717,0.31555728090000723,-1.5888543819998333,4.0,0.6357331257790384,0.2998687370800089,-1.5488543819998333,False,,
1.0072135954999586,ramp_up,0.01,0.6357331257790384,0.2998687370800089,-1.5488543819998333,4.0,0.6386550370974052,0.28458019326001055,-1.5088543819998332,False,,
1.0172135954999586,ramp_up,0.01,0.6386550370974052,0.28458019326001055,-1.5088543819998332,4.0,0.641426062977572,0.2696916494400122,-1.4688543819998332,False,,
1.0272135954999586,ramp_up,0.01,0.641426062977572,0.2696916494400122,-1.4688543819998332,4.0,0.6440502034195388,0.2552031056200139,-1.4288543819998332,False,,
1.0372135954999586,ramp_up,0.01,0.6440502034195388,0.2552031056200139,-1.4288543819998332,4.0,0.6465314584233056,0.2411145618000156,-1.3888543819998331,False,,
1.0472135954999586,ramp_up,0.01,0.6465314584233056,0.2411145618000156,-1.3888543819998331,4.0,0.6488738279888725,0.22742601798001727,-1.348854381999833,False,,
1.0572135954999586,ramp_up,0.01,0.6488738279888725,0.22742601798001727,-1.348854381999833,4.0,0.6510813121162393,0.21413747416001894,-1.308854381999833,False,,
1.0672135954999586,ramp_up,0.01,0.6510813121162393,0.21413747416001894,-1.308854381999833,4.0,0.6531579108054061,0.20124893034002062,-1.268854381999833,False,,
1.0772135954999587,ramp_up,0.01,0.6531579108054061,0.20124893034002062,-1.268854381999833,4.0,0.655107624056373,0.18876038652002228,-1.228854381999833,False,,
1.0872135954999587,ramp_up,0.01,0.655107624056373,0.18876038652002228,-1.228854381999833,4.0,0.6569344518691399,0.17667184270002395,-1.188854381999833,False,,
1.0972135954999587,ramp_up,0.01,0.6569344518691399,0.17667184270002395,-1.188854381999833,4.0,0.6586423942437069,0.1649832988800256,-1.148854381999833,False,,
1.1072135954999587,ramp_up,0.01,0.6586423942437069,0.1649832988800256,-1.148854381999833,4.0,0.6602354511800738,0.15369475506002728,-1.1088543819998329,False,,
1.1172135954999587,ramp_up,0.01,0.6602354511800738,0.15369475506002728,-1.1088543819998329,4.0,0.6617176226782407,0.14280621124002896,-1.0688543819998328,False,,
1.1272135954999587,ramp_up,0.01,0.6617176226782407,0.14280621124002896,-1.0688543819998328,4.0,0.6630929087382077,0.13231766742003062,-1.0288543819998328,False,,
1.1372135954999587,ramp_up,0.01,0.6630929087382077,0.13231766742003062,-1.0288543819998328,4.0,0.6643653093599747,0.1222291236000323,-0.9888543819998328,False,,
1.1472135954999587,ramp_up,0.01,0.6643653093599747,0.1222291236000323,-0.9888543819998328,4.0,0.6655388245435417,0.11254057978003397,-0.9488543819998327,False,,
1.1572135954999587,ramp_up,0.01,0.6655388245435417,0.11254057978003397,-0.9488543819998327,4.0,0.6666174542889087,0.10325203596003564,-0.9088543819998327,False,,
1.1672135954999587,ramp_up,0.01,0.6666174542889087,0.10325203596003564,-0.9088543819998327,4.0,0.6676051985960757,0.09436349214003731,-0.8688543819998327,False,,
1.1772135954999587,ramp_up,0.01,0.6676051985960757,0.09436349214003731,-0.8688543819998327,4.0,0.6685060574650428,0.08587494832003897,-0.8288543819998326,False,,
1.1872135954999588,ramp_up,0.01,0.6685060574650428,0.08587494832003897,-0.8288543819998326,4.0,0.6693240308958098,0.07778640450004065,-0.7888543819998326,False,,
1.1972135954999588,ramp_up,0.01,0.6693240308958098,0.07778640450004065,-0.7888543819998326,4.0,0.6700631188883769,0.07009786068004233,-0.7488543819998326,False,,
1.2072135954999588,ramp_up,0.01,0.6700631188883769,0.07009786068004233,-0.7488543819998326,4.0,0.6707273214427439,0.062809316860044,-0.7088543819998325,False,,
1.2172135954999588,ramp_up,0.01,0.6707273214427439,0.062809316860044,-0.7088543819998325,4.0,0.6713206385589111,0.055920773040045675,-0.6688543819998325,False,,
1.2272135954999588,ramp_up,0.01,0.6713206385589111,0.055920773040045675,-0.6688543819998325,4.0,0.6718470702368782,0.04943222922004735,-0.6288543819998325,False,,
1.2372135954999588,ramp_up,0.01,0.6718470702368782,0.04943222922004735,-0.6288543819998325,4.0,0.6723106164766454,0.04334368540004903,-0.5888543819998324,False,,
1.2472135954999588,ramp_up,0.01,0.6723106164766454,0.04334368540004903,-0.5888543819998324,4.0,0.6727152772782125,0.037655141580050705,-0.5488543819998324,False,,
1.2572135954999588,ramp_up,0.01,0.6727152772782125,0.037655141580050705,-0.5488543819998324,4.0,0.6730650526415797,0.03236659776005238,-0.5088543819998324,False,,
1.2672135954999588,ramp_up,0.01,0.6730650526415797,0.03236659776005238,-0.5088543819998324,4.0,0.6733639425667468,0.027478053940054058,-0.46885438199983237,False,,
1.2772135954999588,ramp_up,0.01,0.6733639425667468,0.027478053940054058,-0.46885438199983237,4.0,0.6736159470537141,0.022989510120055734,-0.4288543819998324,False,,
1.2872135954999588,ramp_up,0.01,0.6736159470537141,0.022989510120055734,-0.4288543819998324,4.0,0.6738250661024813,0.01890096630005741,-0.3888543819998324,False,,
1.2972135954999588,ramp_up,0.01,0.6738250661024813,0.01890096630005741,-0.3888543819998324,4.0,0.6739952997130486,0.015212422480059086,-0.34885438199983243,False,,
1.3072135954999589,ramp_up,0.01,0.6739952997130486,0.015212422480059086,-0.34885438199983243,4.0,0.6741306478854159,0.011923878660060762,-0.30885438199983245,False,,
1.3172135954999589,ramp_up,0.01,0.6741306478854159,0.011923878660060762,-0.30885438199983245,4.0,0.6742351106195832,0.009035334840062437,-0.26885438199983247,False,,
1.3272135954999589,ramp_up,0.01,0.6742351106195832,0.009035334840062437,-0.26885438199983247,4.0,0.6743126879155504,0.006546791020064112,-0.22885438199983246,False,,
1.3372135954999589,ramp_up,0.01,0.6743126879155504,0.006546791020064112,-0.22885438199983246,4.0,0.6743673797733178,0.004458247200065787,-0.18885438199983245,False,,
1.347213595499959,ramp_up,0.01,0.6743673797733178,0.004458247200065787,-0.18885438199983245,4.0,0.6744031861928852,0.002769703380067463,-0.14885438199983245,False,,
1.357213595499959,ramp_up,0.01,0.6744031861928852,0.002769703380067463,-0.14885438199983245,4.0,0.6744241071742525,0.0014811595600691383,-0.10885438199983244,False,,
1.367213595499959,ramp_up,0.01,0.6744241071742525,0.0014811595600691383,-0.10885438199983244,4.0,0.6744341427174199,0.000592615740070814,-0.06885438199983243,False,,
1.377213595499959,ramp_up,0.01,0.6744341427174199,0.000592615740070814,-0.06885438199983243,4.0,0.6744372928223872,0.00010407192007248973,-0.02885438199983243,False,,
1.387213595499959,ramp_up,0.0072135954999579255,0.6744372928223872,0.00010407192007248973,-0.02885438199983243,4.0,0.674437543066632,-1.5419929872903526e-15,-7.28583859910259e-16,False,,
