t,x,v,a,latest_offset,applied_offset,effective_bound,available,authorized,target_local,braking,x_next,v_next,step_min_clearance
0.0,0,0.8,2.0,0,0,0.02,True,True,1.0,False,0.0081,0.8200000000000001,0.7918999999999999
0.01,0.0081,0.8200000000000001,2.0,0,0,0.02,True,True,1.0,False,0.0164,0.8400000000000001,0.7835999999999999
0.02,0.0164,0.8400000000000001,2.0,0,0,0.02,True,True,1.0,False,0.024900000000000002,0.8600000000000001,0.7750999999999999
0.03,0.024900000000000002,0.8600000000000001,2.0,0,0,0.02,True,True,1.0,False,0.033600000000000005,0.8800000000000001,0.7664
0.04,0.033600000000000005,0.8800000000000001,2.0,0,0,0.02,True,True,1.0,False,0.04250000000000001,0.9000000000000001,0.7575
0.05,0.04250000000000001,0.9000000000000001,2.0,0,0,0.02,True,True,1.0,False,0.051600000000000014,0.9200000000000002,0.7484
0.06,0.051600000000000014,0.9200000000000002,2.0,0,0,0.02,True,True,1.0,False,0.06090000000000002,0.9400000000000002,0.7390999999999999
0.07,0.06090000000000002,0.9400000000000002,2.0,0,0,0.02,True,True,1.0,False,0.07040000000000002,0.9600000000000002,0.7295999999999999
0.08,0.07040000000000002,0.9600000000000002,2.0,0,0,0.02,True,True,1.0,False,0.08010000000000002,0.9800000000000002,0.7199
0.09,0.08010000000000002,0.9800000000000002,2.0,0,0,0.02,True,True,1.0,False,0.09000000000000002,1.0000000000000002,0.71
0.1,0.09000000000000002,1.0000000000000002,2.0,0,0,0.02,True,True,1.0,False,0.10010000000000004,1.0200000000000002,0.6998999999999999
0.11,0.10010000000000004,1.0200000000000002,2.0,0,0,0.02,True,True,1.0,False,0.11040000000000004,1.0400000000000003,0.6895999999999999
0.12,0.11040000000000004,1.0400000000000003,2.0,0,0,0.02,True,True,1.0,False,0.12090000000000005,1.0600000000000003,0.6790999999999999
0.13,0.12090000000000005,1.0600000000000003,2.0,0,0,0.02,True,True,1.0,False,0.13160000000000005,1.0800000000000003,0.6683999999999999
0.14,0.13160000000000005,1.0800000000000003,2.0,0,0,0.02,True,True,1.0,False,0.14250000000000004,1.1000000000000003,0.6574999999999999
0.15,0.14250000000000004,1.1000000000000003,2.0,0.4,0,0.42000000000000004,True,True,1.0,False,0.15360000000000004,1.1200000000000003,0.6463999999999999
0.16,0.15360000000000004,1.1200000000000003,2.0,0.4,0,0.42000000000000004,True,True,1.0,False,0.16490000000000005,1.1400000000000003,0.6350999999999999
0.17,0.16490000000000005,1.1400000000000003,2.0,0.4,0,0.42000000000000004,True,True,1.0,False,0.17640000000000003,1.1600000000000004,0.6235999999999999
0.18,0.17640000000000003,1.1600000000000004,1.9487999999999985,0.4,0,0.42000000000000004,True,True,1.0,False,0.18809744000000003,1.1794880000000003,0.6119025599999999
0.19,0.18809744000000003,1.1794880000000003,1.7772684799999983,0.4,0,0.42000000000000004,True,True,1.0,False,0.19998118342400004,1.1972606848000003,0.6000188165759999
0.2,0.19998118342400004,1.1972606848000003,1.6111077934079985,0.4,0,0.42000000000000004,True,True,1.0,False,0.21203434566167043,1.2133717627340803,0.5879656543383295
0.21,0.21203434566167043,1.2133717627340803,1.450238183770315,0.4,0,0.42000000000000004,True,True,1.0,False,0.22424057519819976,1.2278741445717836,0.5757594248018002
0.22,0.22424057519819976,1.2278741445717836,1.2945788201272679,0.4,0,0.42000000000000004,True,True,1.0,False,0.23658404558492396,1.2408199327730562,0.563415954415076
0.23,0.23658404558492396,1.2408199327730562,1.1440479042283833,0.4,0,0.42000000000000004,True,True,1.0,False,0.24904944730786596,1.25226041181534,0.550950552692134
0.24,0.24904944730786596,1.25226041181534,0.9985627742757126,0.4,0,0.42000000000000004,True,True,1.0,False,0.26162197956473315,1.262246039558097,0.5383780204352668
0.25,0.26162197956473315,1.262246039558097,0.8580400052497463,0.4,0,0.42000000000000004,True,True,1.0,False,0.2742873419605766,1.2708264396105944,0.5257126580394234
0.26,0.2742873419605766,1.2708264396105944,0.7223955058730098,0.4,0,0.42000000000000004,True,True,1.0,False,0.2870317261319762,1.2780503946693245,0.5129682738680237
0.27,0.2870317261319762,1.2780503946693245,0.591544612266893,0.4,0,0.42000000000000004,True,True,1.0,False,0.2998418073092828,1.2839658407919934,0.5001581926907172
0.28,0.2998418073092828,1.2839658407919934,0.4654021783577642,0.4,0,0.42000000000000004,True,True,1.0,False,0.31270473582612063,1.288619862575571,0.48729526417387925
0.29,0.31270473582612063,1.288619862575571,0.3438826630887517,0.4,0,0.42000000000000004,True,True,1.0,False,0.32560812858503074,1.2920586892064585,0.4743918714149692
0.3,0.32560812858503074,1.2920586892064585,0.22690021449392006,0.4,0,0.42000000000000004,True,True,1.0,False,0.33854006048782004,1.2943276913513977,0.4614599395121799
0.31,0.33854006048782004,1.2943276913513977,0.11436875069184893,0.4,0,0.42000000000000004,True,True,1.0,False,0.35148905583886864,1.295471378858316,0.44851094416113124
0.32,0.35148905583886864,1.295471378858316,0.00620203785578699,0.4,0,0.42000000000000004,True,True,1.0,False,0.36444407972934456,1.295533399236874,0.4355559202706554
0.33,0.36444407972934456,1.295533399236874,-0.09768623478225269,0.4,0,0.42000000000000004,True,True,1.0,False,0.3773945294099742,1.2945565368890515,0.42260547059002573
0.34,0.3773945294099742,1.2945565368890515,-0.19738238283599951,0.4,0,0.42000000000000004,True,True,1.0,False,0.3903302256597229,1.2925827130606915,0.40966977434027707
0.35000000000000003,0.3903302256597229,1.2925827130606915,-0.2929726575205498,0.4,0,0.42000000000000004,True,True,1.0,False,0.4032414041574538,1.289652986485486,0.39675859584254614
0.36,0.4032414041574538,1.289652986485486,-0.3845431792015743,0.4,0,0.42000000000000004,True,True,1.0,False,0.41611870686334856,1.2858075546934702,0.3838812931366513
0.37,0.41611870686334856,1.2858075546934702,-0.4721798736806688,0.4,0,0.42000000000000004,True,True,1.0,False,0.4289531734165992,1.2810857559566635,0.3710468265834007
0.38,0.4289531734165992,1.2810857559566635,-0.5559684111594478,0.4,0,0.42000000000000004,True,True,1.0,False,0.4417362325556079,1.275526071845069,0.35826376744439203
0.39,0.4417362325556079,1.275526071845069,-0.635994147825139,0.4,0,0.42000000000000004,True,True,1.0,False,0.4544596935666673,1.2691661303668176,0.34554030643333267
0.4,0.4544596935666673,1.2691661303668176,-0.7123420700006093,0.4,0,0.42000000000000004,True,True,1.0,False,0.46711573776683546,1.2620427096668114,0.3328842622331645
0.41000000000000003,0.46711573776683546,1.2620427096668114,-0.7850967408019294,0.4,0,0.42000000000000004,True,True,1.0,False,0.4796969100264635,1.254191742258792,0.3203030899735364
0.42,0.4796969100264635,1.254191742258792,-0.8543422492468755,0.4,0,0.42000000000000004,True,True,1.0,False,0.49219611033658905,1.2456483197663233,0.3078038896634109
0.43,0.49219611033658905,1.2456483197663233,-0.9201621617580056,0.4,0,0.42000000000000004,True,True,1.0,False,0.5046065854261644,1.2364466981487432,0.2953934145738355
0.44,0.5046065854261644,1.2364466981487432,-0.9826394760042882,0.4,0,0.42000000000000004,True,True,1.0,False,0.5169219204338517,1.2266203033887002,0.2830780795661483
0.45,0.5169219204338517,1.2266203033887002,-1.041856577025614,0.4,0,0.42000000000000004,True,True,1.0,False,0.5291360306388874,1.216201737618444,0.27086396936111257
0.46,0.5291360306388874,1.216201737618444,-1.0978951955848748,0.4,0,0.42000000000000004,True,True,1.0,False,0.5412431532552925,1.2052227856625952,0.25875684674470745
0.47000000000000003,0.5412431532552925,1.2052227856625952,-1.1508363686927208,0.4,0,0.42000000000000004,True,True,1.0,False,0.5532378392934838,1.193714421975668,0.24676216070651613
0.48,0.5532378392934838,1.193714421975668,-1.200760402250542,0.4,0,0.42000000000000004,True,True,1.0,False,0.5651149454931279,1.1817068179531625,0.23488505450687203
0.49,0.5651149454931279,1.1817068179531625,-1.247746835757673,0.4,0,0.42000000000000004,True,True,1.0,False,0.5768696263308717,1.1692293495955857,0.22313037366912825
0.5,0.5768696263308717,1.1692293495955857,-2.0,0.4,0.4,0.02,True,True,0.6,False,0.5884619198268276,1.1492293495955856,0.21153808017317233
0.51,0.5884619198268276,1.1492293495955856,-2.0,0.4,0.4,0.02,True,True,0.6,False,0.5998542133227834,1.1292293495955856,0.2001457866772165
0.52,0.5998542133227834,1.1292293495955856,-2.0,0.4,0.4,0.02,True,True,0.6,False,0.6110465068187393,1.1092293495955856,0.18895349318126065
0.53,0.6110465068187393,1.1092293495955856,-2.0,0.4,0.4,0.02,True,True,0.6,False,0.6220388003146952,1.0892293495955856,0.17796119968530477
0.54,0.6220388003146952,1.0892293495955856,-2.0,0.4,0.4,0.02,True,True,0.6,False,0.6328310938106511,1.0692293495955856,0.16716890618934888
0.55,0.6328310938106511,1.0692293495955856,-2.0,0.4,0.4,0.02,True,True,0.6,False,0.643423387306607,1.0492293495955856,0.15657661269339296
0.56,0.643423387306607,1.0492293495955856,-2.0,0.4,0.4,0.02,True,True,0.6,False,0.6538156808025628,1.0292293495955855,0.14618431919743702
0.5700000000000001,0.6538156808025628,1.0292293495955855,-2.0,0.4,0.4,0.02,True,True,0.6,False,0.6640079742985187,1.0092293495955855,0.13599202570148128
0.58,0.6640079742985187,1.0092293495955855,-2.0,0.4,0.4,0.02,True,True,0.6,False,0.6740002677944745,0.9892293495955855,0.12599973220552552
0.59,0.6740002677944745,0.9892293495955855,-2.0,0.4,0.4,0.02,True,True,0.6,False,0.6837925612904304,0.9692293495955855,0.11620743870956951
0.6,0.6837925612904304,0.9692293495955855,-2.0,0.4,0.4,0.02,True,True,0.6,False,0.6933848547863863,0.9492293495955855,0.10661514521361348
0.61,0.6933848547863863,0.9492293495955855,-2.0,0.4,0.4,0.02,True,True,0.6,False,0.7027771482823422,0.9292293495955855,0.09722285171765788
0.62,0.7027771482823422,0.9292293495955855,-2.0,0.4,0.4,0.02,True,True,0.6,False,0.711969441778298,0.9092293495955854,0.0880305582217018
0.63,0.711969441778298,0.9092293495955854,-2.0,0.4,0.4,0.02,True,True,0.6,False,0.7209617352742539,0.8892293495955854,0.07903826472574615
0.64,0.7209617352742539,0.8892293495955854,-2.0,0.4,0.4,0.02,True,True,0.6,False,0.7297540287702098,0.8692293495955854,0.07024597122979004
0.65,0.7297540287702098,0.8692293495955854,-2.0,0.4,0.4,0.02,True,True,0.6,False,0.7383463222661657,0.8492293495955854,0.061653677733834344
0.66,0.7383463222661657,0.8492293495955854,-2.0,0.4,0.4,0.02,True,True,0.6,False,0.7467386157621215,0.8292293495955854,0.053261384237878406
0.67,0.7467386157621215,0.8292293495955854,-2.0,0.4,0.4,0.02,True,True,0.6,False,0.7549309092580774,0.8092293495955853,0.045069090741922446
0.68,0.7549309092580774,0.8092293495955853,-2.0,0.4,0.4,0.02,True,True,0.6,False,0.7629232027540332,0.7892293495955853,0.037076797245966686
0.6900000000000001,0.7629232027540332,0.7892293495955853,-2.0,0.4,0.4,0.02,True,True,0.6,False,0.7707154962499891,0.7692293495955853,0.029284503750010904
0.7000000000000001,0.7707154962499891,0.7692293495955853,-2.0,0.4,0.4,0.02,True,True,0.6,False,0.7783077897459451,0.7492293495955853,0.021692210254054878
0.71,0.7783077897459451,0.7492293495955853,-2.0,0.4,0.4,0.02,True,True,0.6,False,0.7857000832419009,0.7292293495955853,0.014299916758099052
0.72,0.7857000832419009,0.7292293495955853,-2.0,0.4,0.4,0.02,True,True,0.6,False,0.7928923767378567,0.7092293495955853,0.007107623262143203
0.73,0.7928923767378567,0.7092293495955853,-2.0,0.4,0.4,0.02,True,True,0.6,False,0.7998846702338126,0.6892293495955852,0.00011532976618733315
0.74,0.7998846702338126,0.6892293495955852,-2.0,0.4,0.4,0.02,True,True,0.6,False,0.8066769637297685,0.6692293495955852,-0.006676963729768559
0.75,0.8066769637297685,0.6692293495955852,-2.0,0.4,0.4,0.02,True,True,0.6,False,0.8132692572257244,0.6492293495955852,-0.013269257225724473
0.76,0.8132692572257244,0.6492293495955852,-2.0,0.4,0.4,0.02,True,True,0.6,False,0.8196615507216802,0.6292293495955852,-0.019661550721680188
0.77,0.8196615507216802,0.6292293495955852,-2.0,0.4,0.4,0.02,True,True,0.6,False,0.8258538442176361,0.6092293495955852,-0.025853844217636146
0.78,0.8258538442176361,0.6092293495955852,-2.0,0.4,0.4,0.02,True,True,0.6,False,0.831846137713592,0.5892293495955852,-0.031846137713592126
0.79,0.831846137713592,0.5892293495955852,-2.0,0.4,0.4,0.02,True,True,0.6,False,0.8376384312095478,0.5692293495955851,-0.03763843120954791
0.8,0.8376384312095478,0.5692293495955851,-2.0,0.4,0.4,0.02,True,True,0.6,False,0.8432307247055038,0.5492293495955851,-0.04323072470550371
0.81,0.8432307247055038,0.5492293495955851,-2.0,0.4,0.4,0.02,True,True,0.6,False,0.8486230182014596,0.5292293495955851,-0.048623018201459756
0.8200000000000001,0.8486230182014596,0.5292293495955851,-2.0,0.4,0.4,0.02,True,True,0.6,False,0.8538153116974154,0.5092293495955851,-0.05381531169741538
0.8300000000000001,0.8538153116974154,0.5092293495955851,-2.0,0.4,0.4,0.02,True,True,0.6,False,0.8588076051933713,0.48922934959558506,-0.05880760519337147
0.84,0.8588076051933713,0.48922934959558506,-2.0,0.4,0.4,0.02,True,True,0.6,False,0.8635998986893272,0.46922934959558504,-0.06359989868932714
0.85,0.8635998986893272,0.46922934959558504,-2.0,0.4,0.4,0.02,True,True,0.6,False,0.8681921921852831,0.449229349595585,-0.06819219218528327
0.86,0.8681921921852831,0.449229349595585,-2.0,0.4,0.4,0.02,True,True,0.6,False,0.8725844856812389,0.429229349595585,-0.07258448568123899
0.87,0.8725844856812389,0.429229349595585,-2.0,0.4,0.4,0.02,True,True,0.6,False,0.8767767791771948,0.409229349595585,-0.07677677917719472
0.88,0.8767767791771948,0.409229349595585,-2.0,0.4,0.4,0.02,True,True,0.6,False,0.8807690726731506,0.389229349595585,-0.0807690726731507
0.89,0.8807690726731506,0.389229349595585,-2.0,0.4,0.4,0.02,True,True,0.6,False,0.8845613661691065,0.36922934959558495,-0.0845613661691067
0.9,0.8845613661691065,0.36922934959558495,-2.0,0.4,0.4,0.02,True,True,0.6,False,0.8881536596650624,0.34922934959558494,-0.0881536596650625
0.91,0.8881536596650624,0.34922934959558494,-2.0,0.4,0.4,0.02,True,True,0.6,False,0.8915459531610183,0.3292293495955849,-0.09154595316101832
0.92,0.8915459531610183,0.3292293495955849,-2.0,0.4,0.4,0.02,True,True,0.6,False,0.8947382466569741,0.3092293495955849,-0.09473824665697417
0.93,0.8947382466569741,0.3092293495955849,-2.0,0.4,0.4,0.02,True,True,0.6,False,0.89773054015293,0.2892293495955849,-0.09773054015293003
0.9400000000000001,0.89773054015293,0.2892293495955849,-2.0,0.4,0.4,0.02,True,True,0.6,False,0.9005228336488859,0.26922934959558487,-0.10052283364888592
0.9500000000000001,0.9005228336488859,0.26922934959558487,-2.0,0.4,0.4,0.02,True,True,0.6,False,0.9031151271448418,0.24922934959558488,-0.10311512714484183
0.96,0.9031151271448418,0.24922934959558488,-2.0,0.4,0.4,0.02,True,True,0.6,False,0.9055074206407976,0.22922934959558489,-0.10550742064079777
0.97,0.9055074206407976,0.22922934959558489,-2.0,0.4,0.4,0.02,True,True,0.6,False,0.9076997141367534,0.2092293495955849,-0.1076997141367535
0.98,0.9076997141367534,0.2092293495955849,-2.0,0.4,0.4,0.02,True,True,0.6,False,0.9096920076327093,0.1892293495955849,-0.10969200763270925
0.99,0.9096920076327093,0.1892293495955849,-2.0,0.4,0.4,0.02,True,True,0.6,False,0.9114843011286652,0.16922934959558492,-0.11148430112866525
1.0,0.9114843011286652,0.16922934959558492,-2.0,0.4,0.4,0.02,True,True,0.6,False,0.9130765946246211,0.14922934959558493,-0.11307659462462127
1.01,0.9130765946246211,0.14922934959558493,-2.0,0.4,0.4,0.02,True,True,0.6,False,0.9144688881205769,0.12922934959558494,-0.11446888812057687
1.02,0.9144688881205769,0.12922934959558494,-2.0,0.4,0.4,0.02,True,True,0.6,False,0.9156611816165328,0.10922934959558493,-0.11566118161653294
1.03,0.9156611816165328,0.10922934959558493,-2.0,0.4,0.4,0.02,True,True,0.6,False,0.9166534751124886,0.08922934959558493,-0.11665347511248858
1.04,0.9166534751124886,0.08922934959558493,-2.0,0.4,0.4,0.02,True,True,0.6,False,0.9174457686084445,0.06922934959558492,-0.11744576860844469
1.05,0.9174457686084445,0.06922934959558492,-2.0,0.4,0.4,0.02,True,True,0.6,False,0.9180380621044004,0.04922934959558492,-0.11803806210440038
1.06,0.9180380621044004,0.04922934959558492,-2.0,0.4,0.4,0.02,True,True,0.6,False,0.9184303556003562,0.02922934959558492,-0.11843035560035631
1.07,0.9184303556003562,0.02922934959558492,-2.0,0.4,0.4,0.02,True,True,0.6,False,0.9186226490963121,0.00922934959558492,-0.11862264909631226
1.08,0.9186226490963121,0.00922934959558492,-2.0,0.4,0.4,0.02,True,True,0.6,False,0.918614942592268,-0.010770650404415081,-0.11864394431980152
1.09,0.918614942592268,-0.010770650404415081,-2.0,0.4,0.4,0.02,True,True,0.6,False,0.9184072360882238,-0.03077065040441508,-0.11861494259226801
1.1,0.9184072360882238,-0.03077065040441508,-2.0,0.4,0.4,0.02,True,True,0.6,False,0.9179995295841797,-0.050770650404415085,-0.11840723608822379
1.11,0.9179995295841797,-0.050770650404415085,-2.0,0.4,0.4,0.02,True,True,0.6,False,0.9173918230801356,-0.07077065040441509,-0.11799952958417981
1.12,0.9173918230801356,-0.07077065040441509,-2.0,0.4,0.4,0.02,True,True,0.6,False,0.9165841165760914,-0.09077065040441509,-0.11739182308013563
1.1300000000000001,0.9165841165760914,-0.09077065040441509,-2.0,0.4,0.4,0.02,True,True,0.6,False,0.9155764100720473,-0.1107706504044151,-0.11658411657609147
1.1400000000000001,0.9155764100720473,-0.1107706504044151,-2.0,0.4,0.4,0.02,True,True,0.6,False,0.9143687035680031,-0.1307706504044151,-0.11557641007204733
1.1500000000000001,0.9143687035680031,-0.1307706504044151,-1.991867026926365,0.4,0.4,0.02,True,True,0.6,False,0.9129614037126127,-0.15068932067367874,-0.11436870356800322
1.16,0.9129614037126127,-0.15068932067367874,-1.9009339470061868,0.4,0.4,0.02,True,True,0.6,False,0.9113594638085256,-0.1696986601437406,-0.11296140371261276
1.17,0.9113594638085256,-0.1696986601437406,-1.8120810698932428,0.4,0.4,0.02,True,True,0.6,False,0.9095718731535936,-0.18781947084267303,-0.1113594638085258
1.18,0.9095718731535936,-0.18781947084267303,-1.7252971018580565,0.4,0.4,0.02,True,True,0.6,False,0.9076074135900739,-0.2050724418612536,-0.10957187315359351
1.19,0.9076074135900739,-0.2050724418612536,-1.640569541275577,0.4,0.4,0.02,True,True,0.6,False,0.9054746606943976,-0.22147813727400936,-0.10760741359007397
1.2,0.9054746606943976,-0.22147813727400936,-1.557884736459144,0.4,0.4,0.02,True,True,0.6,False,0.9031819850848346,-0.2370569846386008,-0.1054746606943977
1.21,0.9031819850848346,-0.2370569846386008,-1.4772279421242738,0.4,0.4,0.02,True,True,0.6,False,0.9007375538413424,-0.25182926405984357,-0.10318198508483456
1.22,0.9007375538413424,-0.25182926405984357,-1.3985833744913647,0.4,0.4,0.02,True,True,0.6,False,0.8981493320320193,-0.2658150978047572,-0.10073755384134242
1.23,0.8981493320320193,-0.2658150978047572,-1.3219342650371257,0.4,0.4,0.02,True,True,0.6,False,0.8954250843407199,-0.2790344404551285,-0.09814933203201925
1.24,0.8954250843407199,-0.2790344404551285,-1.2472629129052453,0.4,0.4,0.02,True,True,0.6,False,0.8925723767905234,-0.29150706958418093,-0.09542508434072006
1.25,0.8925723767905234,-0.29150706958418093,-1.1745507359874634,0.4,0.4,0.02,True,True,0.6,False,0.8895985785578822,-0.30325257694405555,-0.09257237679052355
1.26,0.8895985785578822,-0.30325257694405555,-1.1037783206868352,0.4,0.4,0.02,True,True,0.6,False,0.8865108638724073,-0.31429036015092393,-0.08959857855788234
1.27,0.8865108638724073,-0.31429036015092393,-1.0349254703755628,0.4,0.4,0.02,True,True,0.6,False,0.8833162139973793,-0.32463961485467957,-0.08651086387240725
1.28,0.8833162139973793,-0.32463961485467957,-0.9679712525603159,0.4,0.4,0.02,True,True,0.6,False,0.8800214192862044,-0.33431932738028275,-0.08331621399737932
1.29,0.8800214192862044,-0.33431932738028275,-0.9028940447685041,0.4,0.4,0.02,True,True,0.6,False,0.8766330813101632,-0.3433482678279678,-0.08002141928620454
1.3,0.8766330813101632,-0.3433482678279678,-0.8396715791694342,0.4,0.4,0.02,True,True,0.6,False,0.873157615052925,-0.3517449836196621,-0.07663308131016322
1.31,0.873157615052925,-0.3517449836196621,-0.7782809859447517,0.4,0.4,0.02,True,True,0.6,False,0.8696012511674311,-0.3595277934791096,-0.07315761505292495
1.32,0.8696012511674311,-0.3595277934791096,-0.7186988354230108,0.4,0.4,0.02,True,True,0.6,False,0.8659700382908689,-0.3667147818333397,-0.0696012511674311
1.33,0.8659700382908689,-0.3667147818333397,-0.6609011789935928,0.4,0.4,0.02,True,True,0.6,False,0.8622698454135859,-0.37332379362327567,-0.065970038290869
1.34,0.8622698454135859,-0.37332379362327567,-0.6048635888155844,0.4,0.4,0.02,True,True,0.6,False,0.8585063642979124,-0.3793724295114315,-0.062269845413585934
1.35,0.8585063642979124,-0.3793724295114315,-0.5505611963375732,0.4,0.4,0.02,True,True,0.6,False,0.8546851119429812,-0.38487804147480725,-0.05850636429791245
1.36,0.8546851119429812,-0.38487804147480725,-0.49796872964462113,0.4,0.4,0.02,True,True,0.6,False,0.8508114330917509,-0.38985772877125346,-0.054685111942981424
1.37,0.8508114330917509,-0.38985772877125346,-0.44706054964899344,0.4,0.4,0.02,True,True,0.6,False,0.846890502776556,-0.3943283342677434,-0.05081143309175107
1.3800000000000001,0.846890502776556,-0.3943283342677434,-0.39781068514147444,0.4,0.4,0.02,True,True,0.6,False,0.8429273288996214,-0.39830644111915814,-0.04689050277655604
1.3900000000000001,0.8429273288996214,-0.39830644111915814,-0.3501928667203389,0.4,0.4,0.02,True,True,0.6,False,0.8389267548450938,-0.40180836978636153,-0.042927328899621475
1.4000000000000001,0.8389267548450938,-0.40180836978636153,-0.30418055961530466,0.4,0.4,0.02,True,True,0.6,False,0.8348934621192494,-0.40485017538251455,-0.03892675484509378
1.41,0.8348934621192494,-0.40485017538251455,-0.2597469954239373,0.4,0.4,0.02,True,True,0.6,False,0.8308319730156531,-0.4074476453367539,-0.034893462119249596
1.42,0.8308319730156531,-0.4074476453367539,-0.21686520277820964,0.4,0.4,0.02,True,True,0.6,False,0.8267466533021467,-0.40961629736453603,-0.030831973015653213
1.43,0.8267466533021467,-0.40961629736453603,-0.1755080369590296,0.4,0.4,0.02,True,True,0.6,False,0.8226417149266534,-0.41137137773412635,-0.02674665330214676
1.44,0.8226417149266534,-0.41137137773412635,-0.13564820847672188,0.4,0.4,0.02,True,True,0.6,False,0.8185212187388883,-0.4127278598188936,-0.022641714926653345
1.45,0.8185212187388883,-0.4127278598188936,-0.09725831063553203,0.4,0.4,0.02,True,True,0.6,False,0.8143890772251675,-0.41370044292524893,-0.018521218738888345
1.46,0.8143890772251675,-0.41370044292524893,-0.06031084610034454,0.4,0.4,0.02,True,True,0.6,False,0.8102490572536101,-0.41430355138625236,-0.01438907722516758
1.47,0.8102490572536101,-0.41430355138625236,-0.024778252483871333,0.4,0.4,0.02,True,True,0.6,False,0.8061047828271234,-0.41455133391109106,-0.010249057253610028
1.48,0.8061047828271234,-0.41455133391109106,0.009367073027376938,0.4,0.4,0.02,True,True,0.6,False,0.8019597378416639,-0.4144576631808173,-0.006104782827123456
1.49,0.8019597378416639,-0.4144576631808173,0.042152749989958105,0.4,0.4,0.02,True,True,0.6,False,0.7978172688473552,-0.4140361356809177,-0.001959737841663811
1.5,0.7978172688473552,-0.4140361356809177,0.07360639194482932,0.4,0.4,0.02,True,True,0.6,False,0.7936805878101432,-0.4133000717614694,0.002182731152644779
1.51,0.7936805878101432,-0.4133000717614694,0.103755584564732,0.4,0.4,0.02,True,True,0.6,False,0.7895527748717567,-0.4122625159158221,0.006319412189856655
1.52,0.7895527748717567,-0.4122625159158221,0.1326278646892347,0.4,0.4,0.02,True,True,0.6,False,0.7854367811058329,-0.41093623726892975,0.010447225128243254
1.53,0.7854367811058329,-0.41093623726892975,0.1602507002290554,0.4,0.4,0.02,True,True,0.6,False,0.7813354312681551,-0.4093337302666392,0.014563218894166896
1.54,0.7813354312681551,-0.4093337302666392,0.18665147092131606,0.4,0.4,0.02,True,True,0.6,False,0.7772514265390348,-0.40746721555742604,0.018664568731844744
1.55,0.7772514265390348,-0.40746721555742604,0.21185744991742572,0.4,0.4,0.02,True,True,0.6,False,0.7731873472559564,-0.4053486410582518,0.02274857346096515
1.56,0.7731873472559564,-0.4053486410582518,0.2358957861853559,0.4,0.4,0.02,True,True,0.6,False,0.7691456556346831,-0.4029896831963982,0.02681265274404354
1.57,0.7691456556346831,-0.4029896831963982,0.25879348770812816,0.4,0.4,0.02,True,True,0.6,False,0.7651286984771045,-0.40040174831931696,0.030854344365316866
1.58,0.7651286984771045,-0.40040174831931696,0.28057740546043153,0.4,0.4,0.02,True,True,0.6,False,0.7611387098641844,-0.39759597426471266,0.034871301522895415
1.59,0.7611387098641844,-0.39759597426471266,0.30127421814537514,0.4,0.4,0.02,True,True,0.6,False,0.7571778138324446,-0.3945832320832589,0.03886129013581541
1.6,0.7571778138324446,-0.3945832320832589,0.3209104176734783,0.4,0.4,0.02,True,True,0.6,False,0.7532480270324957,-0.39137412790652415,0.04282218616755529
1.61,0.7532480270324957,-0.39137412790652415,0.3395122953661307,0.4,0.4,0.02,True,True,0.6,False,0.7493512613681987,-0.38797900495286286,0.04675197296750411
1.62,0.7493512613681987,-0.38797900495286286,0.35710592886586134,0.4,0.4,0.02,True,True,0.6,False,0.7454893266151134,-0.3844079456642042,0.05064873863180108
1.6300000000000001,0.7454893266151134,-0.3844079456642042,0.37371716973590985,0.4,0.4,0.02,True,True,0.6,False,0.7416639330169581,-0.3806707739668451,0.05451067338488658
1.6400000000000001,0.7416639330169581,-0.3806707739668451,0.3893716317317155,0.4,0.4,0.02,True,True,0.6,False,0.7378766938588763,-0.37677705764952796,0.05833606698304172
1.6500000000000001,0.7378766938588763,-0.37677705764952796,0.404094679727101,0.4,0.4,0.02,True,True,0.6,False,0.7341291280163674,-0.37273611085225694,0.06212330614112349
1.6600000000000001,0.7341291280163674,-0.37273611085225694,0.41791141927808817,0.4,0.4,0.02,True,True,0.6,False,0.7304226624788087,-0.36855699665947605,0.0658708719836325
1.67,0.7304226624788087,-0.36855699665947605,0.4308466868074343,0.4,0.4,0.02,True,True,0.6,False,0.7267586348465543,-0.3642485297914017,0.06957733752119122
1.68,0.7267586348465543,-0.3642485297914017,0.44292504039317193,0.4,0.4,0.02,True,True,0.6,False,0.72313829580066,-0.35981927938747,0.07324136515344559
1.69,0.72313829580066,-0.35981927938747,0.4541707511445996,0.4,0.4,0.02,True,True,0.6,False,0.7195628115443425,-0.355277571876024,0.07686170419934002
1.7,0.7195628115443425,-0.355277571876024,0.46460779514935546,0.4,0.4,0.02,True,True,0.6,False,0.7160332662153398,-0.3506314939245304,0.0804371884556574
1.71,0.7160332662153398,-0.3506314939245304,0.47425984597540305,0.4,0.4,0.02,True,True,0.6,False,0.7125506642683932,-0.34588889546477636,0.08396673378466013
1.72,0.7125506642683932,-0.34588889546477636,0.4831502677119597,0.4,0.4,0.02,True,True,0.6,False,0.709115932827131,-0.3410573927876568,0.08744933573160663
1.73,0.709115932827131,-0.3410573927876568,0.4913021085335787,0.4,0.4,0.02,True,True,0.6,False,0.7057299240046812,-0.336144371702321,0.09088406717286879
1.74,0.7057299240046812,-0.336144371702321,0.4987380947718345,0.4,0.4,0.02,True,True,0.6,False,0.7023934171923966,-0.33115699075460264,0.09427007599531878
1.75,0.7023934171923966,-0.33115699075460264,0.5054806254792379,0.4,0.4,0.02,True,True,0.6,False,0.6991071213161245,-0.32610218449981027,0.09760658280760337
1.76,0.6991071213161245,-0.32610218449981027,0.5115517674702448,0.4,0.4,0.02,True,True,0.6,False,0.6958716770594999,-0.3209866668251078,0.10089287868387542
1.77,0.6958716770594999,-0.3209866668251078,0.5169732508244316,0.4,0.4,0.02,True,True,0.6,False,0.69268765905379,-0.3158169343168635,0.10412832294050012
1.78,0.69268765905379,-0.3158169343168635,0.5217664648371334,0.4,0.4,0.02,True,True,0.6,False,0.6895555780338632,-0.31059926966849216,0.10731234094621
1.79,0.6895555780338632,-0.31059926966849216,0.5259524544030625,0.4,0.4,0.02,True,True,0.6,False,0.6864758829598985,-0.30533974512446155,0.11044442196613669
1.8,0.6864758829598985,-0.30533974512446155,0.5295519168186582,0.4,0.4,0.02,True,True,0.6,False,0.6834489631044948,-0.30004422595627495,0.11352411704010135
1.81,0.6834489631044948,-0.30004422595627495,0.5325851989891415,0.4,0.4,0.02,True,True,0.6,False,0.6804751501048815,-0.2947183739663835,0.11655103689550517
1.82,0.6804751501048815,-0.2947183739663835,0.5350722950264821,0.4,0.4,0.02,True,True,0.6,False,0.677554719979969,-0.28936765101611867,0.11952484989511847
1.83,0.677554719979969,-0.28936765101611867,0.5370328442247227,0.4,0.4,0.02,True,True,0.6,False,0.6746878951120191,-0.28399732257387145,0.12244528002003086
1.84,0.6746878951120191,-0.28399732257387145,0.5384861293993328,0.4,0.4,0.02,True,True,0.6,False,0.6718748461927504,-0.2786124612798781,0.12531210488798084
1.85,0.6718748461927504,-0.2786124612798781,0.539451075577509,0.4,0.4,0.02,True,True,0.6,False,0.6691156941337305,-0.273217950524103,0.12812515380724965
1.86,0.6691156941337305,-0.273217950524103,0.5399462490265678,0.4,0.4,0.02,True,True,0.6,False,0.6664105119409408,-0.26781848803383734,0.13088430586626942
1.87,0.6664105119409408,-0.26781848803383734,0.5399898566078227,0.4,0.4,0.02,True,True,0.6,False,0.6637593265534328,-0.2624185894677591,0.13358948805905912
1.8800000000000001,0.6637593265534328,-0.2624185894677591,0.5395997454435735,0.4,0.4,0.02,True,True,0.6,False,0.6611621206460274,-0.25702259201332334,0.1362406734465671
1.8900000000000001,0.6611621206460274,-0.25702259201332334,0.5387934028850738,0.4,0.4,0.02,True,True,0.6,False,0.6586188343960384,-0.2516346579844726,0.13883787935397263
1.9000000000000001,0.6586188343960384,-0.2516346579844726,0.5375879567695829,0.4,0.4,0.02,True,True,0.6,False,0.6561293672140323,-0.24625877841677676,0.1413811656039614
1.9100000000000001,0.6561293672140323,-0.24625877841677676,0.5360001759548488,0.4,0.4,0.02,True,True,0.6,False,0.6536935794386622,-0.24089877665722828,0.14387063278596757
1.92,0.6536935794386622,-0.24089877665722828,0.534046471119615,0.4,0.4,0.02,True,True,0.6,False,0.6513112939956459,-0.23555831194603213,0.14630642056133758
1.93,0.6513112939956459,-0.23555831194603213,0.5317428958189611,0.4,0.4,0.02,True,True,0.6,False,0.6489822980209766,-0.2302408829878425,0.14868870600435402
1.94,0.6489822980209766,-0.2302408829878425,0.5291051477835569,0.4,0.4,0.02,True,True,0.6,False,0.6467063444484874,-0.22494983151000694,0.1510177019790233
1.95,0.6467063444484874,-0.22494983151000694,0.5261485704521284,0.4,0.4,0.02,True,True,0.6,False,0.64448315356191,-0.21968834580548566,0.15329365555151253
1.96,0.64448315356191,-0.21968834580548566,0.5228881547266625,0.4,0.4,0.02,True,True,0.6,False,0.6423124145115914,-0.21445946425821905,0.15551684643809005
1.97,0.6423124145115914,-0.21445946425821905,0.519338540940145,0.4,0.4,0.02,True,True,0.6,False,0.6401937867960562,-0.2092660788488176,0.15768758548840855
1.98,0.6401937867960562,-0.2092660788488176,0.5155140210268205,0.4,0.4,0.02,True,True,0.6,False,0.6381269017086194,-0.2041109386385494,0.15980621320394373
1.99,0.6381269017086194,-0.2041109386385494,0.5114285408852421,0.4,0.4,0.02,True,True,0.6,False,0.6361113637492782,-0.19899665322969698,0.16187309829138052
2.0,0.6361113637492782,-0.19899665322969698,0.5070957029245619,0.4,0.4,0.02,True,True,0.6,False,0.6341467520021274,-0.19392569620045136,0.1638886362507217
2.0100000000000002,0.6341467520021274,-0.19392569620045136,0.5025287687847857,0.4,0.4,0.02,True,True,0.6,False,0.6322326214785622,-0.1889004085126035,0.1658532479978725
2.02,0.6322326214785622,-0.1889004085126035,0.4977406622219164,0.4,0.4,0.02,True,True,0.6,False,0.6303685044265472,-0.18392300189038435,0.16776737852143775
2.0300000000000002,0.6303685044265472,-0.18392300189038435,0.4927439721491593,0.4,0.4,0.02,True,True,0.6,False,0.6285539116062508,-0.17899556216889276,0.16963149557345258
2.04,0.6285539116062508,-0.17899556216889276,0.48755095582556407,0.4,0.4,0.02,True,True,0.6,False,0.6267883335323532,-0.17412005261063712,0.17144608839374897
2.05,0.6267883335323532,-0.17412005261063712,0.48217354218372277,0.4,0.4,0.02,True,True,0.6,False,0.625071241683356,-0.1692983171887999,0.17321166646764685
2.06,0.625071241683356,-0.1692983171887999,0.4766233352883511,0.4,0.4,0.02,True,True,0.6,False,0.6234020896782324,-0.1645320838359164,0.1749287583166439
2.07,0.6234020896782324,-0.1645320838359164,0.4709116179178061,0.4,0.4,0.02,True,True,0.6,False,0.6217803144207692,-0.1598229676567383,0.17659791032176764
2.08,0.6217803144207692,-0.1598229676567383,0.4650493552607995,0.4,0.4,0.02,True,True,0.6,False,0.6202053372119648,-0.15517247410413032,0.17821968557923085
2.09,0.6202053372119648,-0.15517247410413032,0.4590471987208027,0.4,0.4,0.02,True,True,0.6,False,0.6186765648308595,-0.1505820021169223,0.17979466278803513
2.1,0.6186765648308595,-0.1505820021169223,0.45291548982081276,0.4,0.4,0.02,True,True,0.6,False,0.6171933905841814,-0.14605284721871417,0.1813234351691404
2.11,0.6171933905841814,-0.14605284721871417,0.44666426420140504,0.4,0.4,0.02,True,True,0.6,False,0.6157551953252044,-0.14158620457670013,0.1828066094158185
2.12,0.6157551953252044,-0.14158620457670013,0.44030325570516515,0.4,0.4,0.02,True,True,0.6,False,0.6143613484422226,-0.13718317201964847,0.18424480467479554
2.13,0.6143613484422226,-0.13718317201964847,0.4338419005408132,0.4,0.4,0.02,True,True,0.6,False,0.6130112088170531,-0.13284475301424034,0.18563865155777726
2.14,0.6130112088170531,-0.13284475301424034,0.42728934152053666,0.4,0.4,0.02,True,True,0.6,False,0.6117041257539867,-0.12857185959903497,0.18698879118294687
2.15,0.6117041257539867,-0.12857185959903497,0.42065443236424616,0.4,0.4,0.02,True,True,0.6,False,0.6104394398796146,-0.1243653152753925,0.18829587424601324
2.16,0.6104394398796146,-0.1243653152753925,0.41394574206465323,0.4,0.4,0.02,True,True,0.6,False,0.6092164840139639,-0.12022585785474597,0.18956056012038536
2.17,0.6092164840139639,-0.12022585785474597,0.4071715593072726,0.4,0.4,0.02,True,True,0.6,False,0.6080345840133817,-0.11615414226167325,0.19078351598603605
2.18,0.6080345840133817,-0.11615414226167325,0.400339896939639,0.4,0.4,0.02,True,True,0.6,False,0.606893059585612,-0.11215074329227687,0.1919654159866182
2.19,0.606893059585612,-0.11215074329227687,0.39345849648421116,0.4,0.4,0.02,True,True,0.6,False,0.6057912250775135,-0.10821615832743475,0.19310694041438792
2.2,0.6057912250775135,-0.10821615832743475,0.38653483268963096,0.4,0.4,0.02,True,True,0.6,False,0.6047283902358737,-0.10435081000053845,0.19420877492248656
2.21,0.6047283902358737,-0.10435081000053845,0.37957611811516434,0.4,0.4,0.02,True,True,0.6,False,0.603703860941774,-0.1005550488193868,0.19527160976412627
2.22,0.603703860941774,-0.1005550488193868,0.37258930774335525,0.4,0.4,0.02,True,True,0.6,False,0.6027169399189674,-0.09682915574195325,0.19629613905822585
2.23,0.6027169399189674,-0.09682915574195325,0.365581103616074,0.4,0.4,0.02,True,True,0.6,False,0.6017669274167287,-0.09317334470579251,0.19728306008103247
2.24,0.6017669274167287,-0.09317334470579251,0.3585579594893406,0.4,0.4,0.02,True,True,0.6,False,0.6008531218676453,-0.08958776511089911,0.19823307258327127
2.25,0.6008531218676453,-0.08958776511089911,0.351526085502434,0.4,0.4,0.02,True,True,0.6,False,0.5999748205208114,-0.08607250425587477,0.19914687813235465
2.2600000000000002,0.5999748205208114,-0.08607250425587477,0.3444914528570076,0.4,0.4,0.02,True,True,0.6,False,0.5991313200508955,-0.0826275897273047,0.20002517947918852
2.27,0.5991313200508955,-0.0826275897273047,0.3374597985020544,0.4,0.4,0.02,True,True,0.6,False,0.5983219171435477,-0.07925299174228416,0.2008686799491044
2.2800000000000002,0.5983219171435477,-0.07925299174228416,0.3304366298207552,0.4,0.4,0.02,True,True,0.6,False,0.5975459090576158,-0.0759486254440766,0.20167808285645228
2.29,0.5975459090576158,-0.0759486254440766,0.3234272293153795,0.4,0.4,0.02,True,True,0.6,False,0.5968025941646409,-0.07271435315092281,0.2024540909423841
2.3000000000000003,0.5968025941646409,-0.07271435315092281,0.31643665928656406,0.4,0.4,0.02,True,True,0.6,False,0.596091272466096,-0.06954998655805716,0.20319740583535906
2.31,0.596091272466096,-0.06954998655805716,0.3094697665034609,0.4,0.4,0.02,True,True,0.6,False,0.5954112460888406,-0.06645528889302256,0.203908727533904
2.32,0.5954112460888406,-0.06645528889302256,0.30253118686136565,0.4,0.4,0.02,True,True,0.6,False,0.5947618197592535,-0.0634299770244089,0.20458875391115938
2.33,0.5947618197592535,-0.0634299770244089,0.29562535002360774,0.4,0.4,0.02,True,True,0.6,False,0.5941423012565106,-0.06047372352417282,0.20523818024074647
2.34,0.5941423012565106,-0.06047372352417282,0.2887564840446065,0.4,0.4,0.02,True,True,0.6,False,0.5935520018454711,-0.05758615868372676,0.20585769874348936
2.35,0.5935520018454711,-0.05758615868372676,0.2819286199711383,0.4,0.4,0.02,True,True,0.6,False,0.5929902366896324,-0.05476687248401538,0.20644799815452886
2.36,0.5929902366896324,-0.05476687248401538,0.2751455964190025,0.4,0.4,0.02,True,True,0.6,False,0.5924563252446132,-0.05201541651982535,0.20700976331036758
2.37,0.5924563252446132,-0.05201541651982535,0.26841106412239546,0.4,0.4,0.02,True,True,0.6,False,0.5919495916326211,-0.0493313058786014,0.2075436747553867
2.38,0.5919495916326211,-0.0493313058786014,0.26172849045343693,0.4,0.4,0.02,True,True,0.6,False,0.5914693649983578,-0.04671402097406703,0.20805040836737887
2.39,0.5914693649983578,-0.04671402097406703,0.2551011639094057,0.4,0.4,0.02,True,True,0.6,False,0.5910149798468125,-0.044163009334972976,0.20853063500164215
2.4,0.5910149798468125,-0.044163009334972976,0.2485321985653917,0.4,0.4,0.02,True,True,0.6,False,0.590585776363391,-0.04167768734931906,0.20898502015318743
2.41,0.590585776363391,-0.04167768734931906,0.24202453849014768,0.4,0.4,0.02,True,True,0.6,False,0.5901811007168224,-0.03925744196441758,0.2094142236366089
2.42,0.5901811007168224,-0.03925744196441758,0.235580962123091,0.4,0.4,0.02,True,True,0.6,False,0.5898003053452844,-0.03690163234318667,0.20981889928317754
2.43,0.5898003053452844,-0.03690163234318667,0.22920408661047145,0.4,0.4,0.02,True,True,0.6,False,0.589442749226183,-0.03460959147708195,0.21019969465471555
2.44,0.589442749226183,-0.03460959147708195,0.2228963720988636,0.4,0.4,0.02,True,True,0.6,False,0.5891077981300171,-0.032380627756093315,0.21055725077381693
2.45,0.5891077981300171,-0.032380627756093315,0.2166601259842361,0.4,0.4,0.02,True,True,0.6,False,0.5887948248587555,-0.030214026496250955,0.2108922018699828
2.46,0.5887948248587555,-0.030214026496250955,0.21049750711496004,0.4,0.4,0.02,True,True,0.6,False,0.5885032094691487,-0.028109051425101353,0.21120517514124448
2.47,0.5885032094691487,-0.028109051425101353,0.2044105299472157,0.4,0.4,0.02,True,True,0.6,False,0.5882323394813951,-0.026064946125629197,0.21149679053085124
2.48,0.5882323394813951,-0.026064946125629197,0.19840106865135593,0.4,0.4,0.02,True,True,0.6,False,0.5879816100735714,-0.024080935439115637,0.21176766051860485
2.49,0.5879816100735714,-0.024080935439115637,0.19247086116789106,0.4,0.4,0.02,True,True,0.6,False,0.5877504242622387,-0.022156226827436728,0.21201838992642852
2.5,0.5877504242622387,-0.022156226827436728,0.1866215132118374,0.4,0.4,0.02,True,True,0.6,False,0.5875381930696248,-0.020290011695318355,0.21224957573776126
2.5100000000000002,0.5875381930696248,-0.020290011695318355,0.18085450222427446,0.4,0.4,0.02,True,True,0.6,False,0.5873443356777829,-0.01848146667307561,0.21246180693037509
2.52,0.5873443356777829,-0.01848146667307561,0.17517118127003922,0.4,0.4,0.02,True,True,0.6,False,0.5871682795701156,-0.01672975486037522,0.21265566432221705
2.5300000000000002,0.5871682795701156,-0.01672975486037522,0.1695727828805756,0.4,0.4,0.02,True,True,0.6,False,0.5870094606606558,-0.015034027031569462,0.2128317204298843
2.54,0.5870094606606558,-0.015034027031569462,0.1640604228410309,0.4,0.4,0.02,True,True,0.6,False,0.5868673234114822,-0.013393422803159154,0.2129905393393441
2.5500000000000003,0.5868673234114822,-0.013393422803159154,0.158635103920779,0.4,0.4,0.02,True,True,0.6,False,0.5867413209386467,-0.011807071763951365,0.21313267658851776
2.56,0.5867413209386467,-0.011807071763951365,0.15329771954663146,0.4,0.4,0.02,True,True,0.6,False,0.5866309151069846,-0.01027409456848505,0.2132586790613532
2.57,0.5866309151069846,-0.01027409456848505,0.14804905741806307,0.4,0.4,0.02,True,True,0.6,False,0.5865355766141707,-0.008793603994304419,0.21336908489301531
2.58,0.5865355766141707,-0.008793603994304419,0.1428898030638522,0.4,0.4,0.02,True,True,0.6,False,0.5864547850643808,-0.007364705963665896,0.21346442338582927
2.59,0.5864547850643808,-0.007364705963665896,0.13782054333961735,0.4,0.4,0.02,True,True,0.6,False,0.5863880290319111,-0.005986500530269723,0.21354521493561918
2.6,0.5863880290319111,-0.005986500530269723,0.13284176986578977,0.4,0.4,0.02,True,True,0.6,False,0.5863348061151017,-0.004658082831611825,0.21361197096808882
2.61,0.5863348061151017,-0.004658082831611825,0.1279538824056336,0.4,0.4,0.02,True,True,0.6,False,0.5862946229809058,-0.0033785440075554895,0.21366519388489824
2.62,0.5862946229809058,-0.0033785440075554895,0.12315719218297502,0.4,0.4,0.02,True,True,0.6,False,0.5862669954004394,-0.0021469720857257395,0.2137053770190941
2.63,0.5862669954004394,-0.0021469720857257395,0.11845192513938789,0.4,0.4,0.02,True,True,0.6,False,0.5862514482758391,-0.0009624528343318605,0.21373300459956057
2.64,0.5862514482758391,-0.0009624528343318605,0.1138382251306146,0.4,0.4,0.02,True,True,0.6,False,0.5862475156587523,0.00017592941697428563,0.21374855172416085
2.65,0.5862475156587523,0.00017592941697428563,0.10931615706208406,0.4,0.4,0.02,True,True,0.6,False,0.5862547407607752,0.0012690909875951262,0.21374525923922472
2.66,0.5862547407607752,0.0012690909875951262,0.10488570996341758,0.4,0.4,0.02,True,True,0.6,False,0.5862726759561494,0.002317948087229302,0.21372732404385053
2.67,0.5862726759561494,0.002317948087229302,0.1005468000018874,0.4,0.4,0.02,True,True,0.6,False,0.5863008827770217,0.003323416087248176,0.21369911722297819
2.68,0.5863008827770217,0.003323416087248176,0.09629927343483313,0.4,0.4,0.02,True,True,0.6,False,0.586338931901566,0.004286408821596507,0.21366106809843388
2.69,0.586338931901566,0.004286408821596507,0.09214290950108538,0.4,0.4,0.02,True,True,0.6,False,0.586386403135257,0.005207837916607361,0.2136135968647429
2.7,0.586386403135257,0.005207837916607361,0.08807742325151416,0.4,0.4,0.02,True,True,0.6,False,0.5864428853855858,0.006088612149122503,0.21355711461441418
2.71,0.5864428853855858,0.006088612149122503,0.08410246831882377,0.4,0.4,0.02,True,True,0.6,False,0.5865079766304929,0.006929636832310741,0.213492023369507
2.72,0.5865079766304929,0.006929636832310741,0.08021763962681348,0.4,0.4,0.02,True,True,0.6,False,0.5865812838807973,0.007731813228578875,0.2134187161192026
2.73,0.5865812838807973,0.007731813228578875,0.07642247603930566,0.4,0.4,0.02,True,True,0.6,False,0.5866624231368851,0.008496037988971932,0.21333757686311483
2.74,0.5866624231368851,0.008496037988971932,0.07271646294903128,0.4,0.4,0.02,True,True,0.6,False,0.5867510193399222,0.009223202618462245,0.2132489806600777
2.75,0.5867510193399222,0.009223202618462245,0.0690990348067729,0.4,0.4,0.02,True,True,0.6,False,0.5868467063178472,0.009914192966529973,0.21315329368215274
2.7600000000000002,0.5868467063178472,0.009914192966529973,0.06556957759110242,0.4,0.4,0.02,True,True,0.6,False,0.5869491267263921,0.010569888742440997,0.21305087327360783
2.77,0.5869491267263921,0.010569888742440997,0.06212743121909903,0.4,0.4,0.02,True,True,0.6,False,0.5870579319853775,0.011191163054631987,0.21294206801462245
2.7800000000000002,0.5870579319853775,0.011191163054631987,0.05877189189845204,0.4,0.4,0.02,True,True,0.6,False,0.5871727822105187,0.011778881973616507,0.21282721778948122
2.79,0.5871727822105187,0.011778881973616507,0.055502214421384054,0.4,0.4,0.02,True,True,0.6,False,0.587293346140976,0.012333904117830348,0.212706653859024
2.8000000000000003,0.587293346140976,0.012333904117830348,0.052317614400870856,0.4,0.4,0.02,True,True,0.6,False,0.5874193010628743,0.012857080261839056,0.2125806989371256
2.81,0.5874193010628743,0.012857080261839056,0.04921727044964903,0.4,0.4,0.02,True,True,0.6,False,0.5875503327290152,0.013349252966335545,0.2124496672709847
2.82,0.5875503327290152,0.013349252966335545,0.04620032630253568,0.4,0.4,0.02,True,True,0.6,False,0.5876861352749937,0.013811256229360903,0.21231386472500624
2.83,0.5876861352749937,0.013811256229360903,0.04326589288260667,0.4,0.4,0.02,True,True,0.6,False,0.5878264111319313,0.01424391515818697,0.21217358886806859
2.84,0.5878264111319313,0.01424391515818697,0.04041305031180116,0.4,0.4,0.02,True,True,0.6,False,0.5879708709360288,0.014648045661304981,0.2120291290639711
2.85,0.5879708709360288,0.014648045661304981,0.03764084986654914,0.4,0.4,0.02,True,True,0.6,False,0.5881192334351352,0.015024454159970472,0.21188076656486476
2.86,0.5881192334351352,0.015024454159970472,0.03494831587903658,0.4,0.4,0.02,True,True,0.6,False,0.5882712253925289,0.015373937318760838,0.21172877460747108
2.87,0.5882712253925289,0.015373937318760838,0.03233444758472566,0.4,0.4,0.02,True,True,0.6,False,0.5884265814880957,0.015697281794608095,0.21157341851190425
2.88,0.5884265814880957,0.015697281794608095,0.02979822091680201,0.4,0.4,0.02,True,True,0.6,False,0.5885850442170877,0.015995264003776113,0.21141495578291225
2.89,0.5885850442170877,0.015995264003776113,0.027338590248193906,0.4,0.4,0.02,True,True,0.6,False,0.5887463637866378,0.01626864990625805,0.21125363621336213
2.9,0.5887463637866378,0.01626864990625805,0.024954490081865177,0.4,0.4,0.02,True,True,0.6,False,0.5889102980102044,0.016518194807076704,0.2110897019897955
2.91,0.5889102980102044,0.016518194807076704,0.02264483669005743,0.4,0.4,0.02,True,True,0.6,False,0.5890766122001098,0.016744643173977277,0.21092338779989017
2.92,0.5890766122001098,0.016744643173977277,0.02040852970321262,0.4,0.4,0.02,True,True,0.6,False,0.5892450790583348,0.016948728471009405,0.21075492094166515
2.93,0.5892450790583348,0.016948728471009405,0.018244453649283912,0.4,0.4,0.02,True,True,0.6,False,0.5894154785657274,0.017131173007502245,0.21058452143427253
2.94,0.5894154785657274,0.017131173007502245,0.016151479444171626,0.4,0.4,0.02,True,True,0.6,False,0.5895875978697747,0.01729268780194396,0.21041240213022527
2.95,0.5895875978697747,0.01729268780194396,0.014128465834026702,0.4,0.4,0.02,True,True,0.6,False,0.5897612311710858,0.017433972460284226,0.21023876882891412
2.96,0.5897612311710858,0.017433972460284226,0.012174260790176444,0.4,0.4,0.02,True,True,0.6,False,0.5899361796087281,0.01755571506818599,0.2100638203912718
2.97,0.5899361796087281,0.01755571506818599,0.01028770285743083,0.4,0.4,0.02,True,True,0.6,False,0.5901122511445529,0.0176585920967603,0.20988774885544703
2.98,0.5901122511445529,0.0176585920967603,0.008467622456535415,0.4,0.4,0.02,True,True,0.6,False,0.5902892604466433,0.017743268321325653,0.20971073955335662
2.99,0.5902892604466433,0.017743268321325653,0.006712843141550684,0.4,0.4,0.02,True,True,0.6,False,0.5904670287720136,0.01781039675274116,0.2095329712279863
3.0,0.5904670287720136,0.01781039675274116,0.005022182812926185,0.4,0.4,0.02,True,True,0.6,False,0.5906453838486816,0.017860618580870423,0.20935461615131834
3.0100000000000002,0.5906453838486816,0.017860618580870423,0.0033944548870653846,0.4,0.4,0.02,True,True,0.6,False,0.5908241597572346,0.017894563129741078,0.20917584024276537
3.02,0.5908241597572346,0.017894563129741078,0.0018284694231589654,0.4,0.4,0.02,True,True,0.6,False,0.5910031968120031,0.017912847823972667,0.20899680318799685
3.0300000000000002,0.5910031968120031,0.017912847823972667,0.00032303420808448,0.4,0.4,0.02,True,True,0.6,False,0.5911823414419533,0.017916078166053513,0.20881765855804668
3.04,0.5911823414419533,0.017916078166053513,-0.0011230441998402452,0.4,0.4,0.02,True,True,0.6,False,0.5913614460714038,0.01790484772405511,0.2086385539285961
3.0500000000000003,0.5913614460714038,0.01790484772405511,-0.0025109594674513347,0.4,0.4,0.02,True,True,0.6,False,0.5915403690006711,0.017879738129380596,0.20845963099932885
3.06,0.5915403690006711,0.017879738129380596,-0.0038419045228912374,0.4,0.4,0.02,True,True,0.6,False,0.5917189742867387,0.017841319084151683,0.20828102571326124
3.0700000000000003,0.5917189742867387,0.017841319084151683,-0.005117070630516488,0.4,0.4,0.02,True,True,0.6,False,0.5918971316240488,0.01779014837784652,0.20810286837595116
3.08,0.5918971316240488,0.01779014837784652,-0.006337646503776481,0.4,0.4,0.02,True,True,0.6,False,0.5920747162255021,0.017726771912808754,0.20792528377449782
3.09,0.5920747162255021,0.017726771912808754,-0.0075048174552521385,0.4,0.4,0.02,True,True,0.6,False,0.5922516087037575,0.01765172373825623,0.20774839129624245
3.1,0.5922516087037575,0.01765172373825623,-0.008619764583084957,0.4,0.4,0.02,True,True,0.6,False,0.5924276949529109,0.01756552609242538,0.207572305047089
3.11,0.5924276949529109,0.01756552609242538,-0.009683663992989075,0.4,0.4,0.02,True,True,0.6,False,0.5926028660306355,0.01746868945249549,0.20739713396936443
3.12,0.5926028660306355,0.01746868945249549,-0.010697686055066144,0.4,0.4,0.02,True,True,0.6,False,0.5927770180408577,0.01736171259194483,0.20722298195914224
3.13,0.5927770180408577,0.01736171259194483,-0.011662994694641063,0.4,0.4,0.02,True,True,0.6,False,0.5929500520170424,0.01724508264499842,0.2070499479829575
3.14,0.5929500520170424,0.01724508264499842,-0.012580746716333288,0.4,0.4,0.02,True,True,0.6,False,0.5931218738061567,0.017119275177835087,0.20687812619384327
3.15,0.5931218738061567,0.017119275177835087,-0.01345209116059383,0.4,0.4,0.02,True,True,0.6,False,0.593292393953377,0.016984754266229148,0.20670760604662297
3.16,0.593292393953377,0.016984754266229148,-0.014278168691932464,0.4,0.4,0.02,True,True,0.6,False,0.5934615275876046,0.016841972579309823,0.2065384724123953
3.17,0.5934615275876046,0.016841972579309823,-0.01506011101807643,0.4,0.4,0.02,True,True,0.6,False,0.5936291943078468,0.01669137146912906,0.20637080569215316
3.18,0.5936291943078468,0.01669137146912906,-0.01579904033929061,0.4,0.4,0.02,True,True,0.6,False,0.5937953180705211,0.016533381065736152,0.20620468192947883
3.19,0.5937953180705211,0.016533381065736152,-0.01649606882711363,0.4,0.4,0.02,True,True,0.6,False,0.5939598270777371,0.016368420377465016,0.20604017292226284
3.2,0.5939598270777371,0.016368420377465016,-0.017152298131756963,0.4,0.4,0.02,True,True,0.6,False,0.5941226536666052,0.016196897396147446,0.20587734633339472
3.21,0.5941226536666052,0.016196897396147446,-0.017768818917431692,0.4,0.4,0.02,True,True,0.6,False,0.5942837341996208,0.01601920920697313,0.20571626580037916
3.22,0.5942837341996208,0.01601920920697313,-0.018346710424858872,0.4,0.4,0.02,True,True,0.6,False,0.5944430089561693,0.01583574210272454,0.20555699104383063
3.23,0.5944430089561693,0.01583574210272454,-0.018887040060252783,0.4,0.4,0.02,True,True,0.6,False,0.5946004220251935,0.015646871702122013,0.20539957797480646
3.24,0.5946004220251935,0.015646871702122013,-0.019390863010036036,0.4,0.4,0.02,True,True,0.6,False,0.5947559211990642,0.015452963072021653,0.20524407880093576
3.25,0.5947559211990642,0.015452963072021653,-0.019859221880600186,0.4,0.4,0.02,True,True,0.6,False,0.5949094578686904,0.01525437085321565,0.2050905421313095
3.2600000000000002,0.5949094578686904,0.01525437085321565,-0.020293146362386202,0.4,0.4,0.02,True,True,0.6,False,0.5950609869199044,0.01505143938959179,0.20493901308009554
3.27,0.5950609869199044,0.01505143938959179,-0.020693652917602445,0.4,0.4,0.02,True,True,0.6,False,0.5952104666311544,0.014844502860415765,0.20478953336884553
3.2800000000000002,0.5952104666311544,0.014844502860415765,-0.02106174449089844,0.4,0.4,0.02,True,True,0.6,False,0.595357858572534,0.014633885415506781,0.20464214142746595
3.29,0.595357858572534,0.014633885415506781,-0.02139841024229916,0.4,0.4,0.02,True,True,0.6,False,0.595503127506177,0.014419901313083789,0.20449687249382298
3.3000000000000003,0.595503127506177,0.014419901313083789,-0.02170462530175097,0.4,0.4,0.02,True,True,0.6,False,0.5956462412880427,0.014202855060066279,0.20435375871195727
3.31,0.5956462412880427,0.014202855060066279,-0.02198135054460662,0.4,0.4,0.02,True,True,0.6,False,0.5957871707711161,0.013983041554620212,0.20421282922888384
3.3200000000000003,0.5957871707711161,0.013983041554620212,-0.022229532387409767,0.4,0.4,0.02,True,True,0.6,False,0.5959258897100429,0.013760746230746114,0.20407411028995703
3.33,0.5959258897100429,0.013760746230746114,-0.02245010260332783,0.4,0.4,0.02,True,True,0.6,False,0.5960623746672202,0.013536245204712836,0.2039376253327797
3.34,0.5960623746672202,0.013536245204712836,-0.022643978156613356,0.4,0.4,0.02,True,True,0.6,False,0.5961966049203595,0.013309805423146703,0.2038033950796404
3.35,0.5961966049203595,0.013309805423146703,-0.022812061055463226,0.4,0.4,0.02,True,True,0.6,False,0.5963285623715382,0.01308168481259207,0.20367143762846174
3.36,0.5963285623715382,0.01308168481259207,-0.02295523822267402,0.4,0.4,0.02,True,True,0.6,False,0.5964582314577529,0.012852132430365329,0.20354176854224704
3.37,0.5964582314577529,0.012852132430365329,-0.023074381383484666,0.4,0.4,0.02,True,True,0.6,False,0.5965855990629874,0.012621388616530482,0.20341440093701257
3.38,0.5965855990629874,0.012621388616530482,-0.02317034697002098,0.4,0.4,0.02,True,True,0.6,False,0.5967106544318042,0.012389685146830273,0.20328934556819578
3.39,0.5967106544318042,0.012389685146830273,-0.02324397604175451,0.4,0.4,0.02,True,True,0.6,False,0.5968333890844704,0.012157245386412727,0.20316661091552957
3.4,0.5968333890844704,0.012157245386412727,-0.023296094221414022,0.4,0.4,0.02,True,True,0.6,False,0.5969537967336235,0.011924284444198586,0.20304620326637646
3.41,0.5969537967336235,0.011924284444198586,-0.023327511645782333,0.4,0.4,0.02,True,True,0.6,False,0.5970718732024831,0.011691009327740762,0.20292812679751682
3.42,0.5970718732024831,0.011691009327740762,-0.02333902293082816,0.4,0.4,0.02,True,True,0.6,False,0.597187616344614,0.01145761909843248,0.2028123836553859
3.43,0.597187616344614,0.01145761909843248,-0.023331407150642386,0.4,0.4,0.02,True,True,0.6,False,0.5973010259652408,0.011224305026926056,0.20269897403475912
3.44,0.5973010259652408,0.011224305026926056,-0.023305427829630937,0.4,0.4,0.02,True,True,0.6,False,0.5974121037441186,0.010991250748629746,0.20258789625588136
3.45,0.5974121037441186,0.010991250748629746,-0.02326183294746774,0.4,0.4,0.02,True,True,0.6,False,0.5975208531599575,0.010758632419155069,0.20247914684004242
3.46,0.5975208531599575,0.010758632419155069,-0.023201354956280534,0.4,0.4,0.02,True,True,0.6,False,0.5976272794164011,0.010526618869592264,0.2023727205835988
3.47,0.5976272794164011,0.010526618869592264,-0.02312471080957841,0.4,0.4,0.02,True,True,0.6,False,0.5977313893695565,0.01029537176149648,0.20226861063044344
3.48,0.5977313893695565,0.01029537176149648,-0.023032602002438084,0.4,0.4,0.02,True,True,0.6,False,0.5978331914570713,0.010065045741472099,0.20216680854292868
3.49,0.5978331914570713,0.010065045741472099,-0.02292571462245862,0.4,0.4,0.02,True,True,0.6,False,0.5979326956287548,0.009835788595247513,0.2020673043712451
3.5,0.5979326956287548,0.009835788595247513,-0.022804719411028948,0.4,0.4,0.02,True,True,0.6,False,0.5980299132787368,0.009607741401137224,0.20197008672126315
3.5100000000000002,0.5980299132787368,0.009607741401137224,-0.022670271834443312,0.4,0.4,0.02,True,True,0.6,False,0.5981248571791564,0.00938103868279279,0.2018751428208435
3.52,0.5981248571791564,0.00938103868279279,-0.022523012164422714,0.4,0.4,0.02,True,True,0.6,False,0.5982175414153761,0.009155808561148563,0.20178245858462385
3.5300000000000002,0.5982175414153761,0.009155808561148563,-0.02236356556760312,0.4,0.4,0.02,True,True,0.6,False,0.5983079813227091,0.008932172905472532,0.2016920186772908
3.54,0.5983079813227091,0.008932172905472532,-0.022192542203563315,0.4,0.4,0.02,True,True,0.6,False,0.5983961934246537,0.008710247483436899,0.20160380657534627
3.5500000000000003,0.5983961934246537,0.008710247483436899,-0.022010537330977104,0.4,0.4,0.02,True,True,0.6,False,0.5984821953726215,0.008490142110127129,0.20151780462737845
3.56,0.5984821953726215,0.008490142110127129,-0.021818131421480563,0.4,0.4,0.02,True,True,0.6,False,0.5985660058871517,0.008271960795912324,0.20143399411284824
3.5700000000000003,0.5985660058871517,0.008271960795912324,-0.021615890280863054,0.4,0.4,0.02,True,True,0.6,False,0.5986476447005968,0.008055801893103693,0.2013523552994031
3.58,0.5986476447005968,0.008055801893103693,-0.021404365177189646,0.4,0.4,0.02,True,True,0.6,False,0.598727132501269,0.007841758241331797,0.20127286749873097
3.59,0.598727132501269,0.007841758241331797,-0.021184092975479095,0.4,0.4,0.02,True,True,0.6,False,0.5988044908790335,0.007629917311577006,0.2011955091209664
3.6,0.5988044908790335,0.007629917311577006,-0.020955596278576485,0.4,0.4,0.02,True,True,0.6,False,0.5988797422723354,0.007420361348791242,0.2011202577276645
3.61,0.5988797422723354,0.007420361348791242,-0.020719383573848543,0.4,0.4,0.02,True,True,0.6,False,0.5989529099166446,0.007213167513052756,0.2010470900833553
3.62,0.5989529099166446,0.007213167513052756,-0.020475949385368217,0.4,0.4,0.02,True,True,0.6,False,0.5990240177943059,0.007008408019199074,0.20097598220569401
3.63,0.5990240177943059,0.007008408019199074,-0.02022577443124382,0.4,0.4,0.02,True,True,0.6,False,0.5990930905857764,0.0068061502748866355,0.2009069094142235
3.64,0.5990930905857764,0.0068061502748866355,-0.019969325785758097,0.4,0.4,0.02,True,True,0.6,False,0.599160153622236,0.006606457017029055,0.20083984637776398
3.65,0.599160153622236,0.006606457017029055,-0.01970705704600406,0.4,0.4,0.02,True,True,0.6,False,0.599225232839554,0.006409386446569014,0.20077476716044595
3.66,0.599225232839554,0.006409386446569014,-0.01943940850270806,0.4,0.4,0.02,True,True,0.6,False,0.5992883547335945,0.0062149923615419335,0.2007116452664054
3.67,0.5992883547335945,0.0062149923615419335,-0.019166807314924244,0.4,0.4,0.02,True,True,0.6,False,0.5993495463168442,0.006023324288392691,0.2006504536831557
3.68,0.5993495463168442,0.006023324288392691,-0.018889667688324768,0.4,0.4,0.02,True,True,0.6,False,0.5994088350763438,0.0058344276115094434,0.20059116492365614
3.69,0.5994088350763438,0.0058344276115094434,-0.018608391056788298,0.4,0.4,0.02,True,True,0.6,False,0.599466248932906,0.00564834370094156,0.20053375106709392
3.7,0.599466248932906,0.00564834370094156,-0.018323366267014495,0.4,0.4,0.02,True,True,0.6,False,0.599521816201602,0.005465110038271415,0.20047818379839788
3.71,0.599521816201602,0.005465110038271415,-0.018034969765902267,0.4,0.4,0.02,True,True,0.6,False,0.5995755655534964,0.005284760340612393,0.20042443444650349
3.72,0.5995755655534964,0.005284760340612393,-0.017743565790421332,0.4,0.4,0.02,True,True,0.6,False,0.599627525978613,0.00510732468270818,0.20037247402138691
3.73,0.599627525978613,0.00510732468270818,-0.017449506559737045,0.4,0.4,0.02,True,True,0.6,False,0.5996777267501121,0.004932829617110809,0.20032227324988783
3.74,0.5996777267501121,0.004932829617110809,-0.01715313246934026,0.4,0.4,0.02,True,True,0.6,False,0.5997261973896597,0.004761298292417407,0.20027380261034022
3.75,0.5997261973896597,0.004761298292417407,-0.016854772286947484,0.4,0.4,0.02,True,True,0.6,False,0.5997729676339696,0.004592750569547932,0.20022703236603034
3.7600000000000002,0.5997729676339696,0.004592750569547932,-0.01655474334994862,0.4,0.4,0.02,True,True,0.6,False,0.5998180674024975,0.004427203136048445,0.2001819325975024
3.77,0.5998180674024975,0.004427203136048445,-0.016253351764174324,0.4,0.4,0.02,True,True,0.6,False,0.5998615267662698,0.004264669618406702,0.20013847323373013
3.7800000000000002,0.5998615267662698,0.004264669618406702,-0.015950892603785415,0.4,0.4,0.02,True,True,0.6,False,0.5999033759178236,0.004105160692368848,0.20009662408217632
3.79,0.5999033759178236,0.004105160692368848,-0.01564765011206446,0.4,0.4,0.02,True,True,0.6,False,0.5999436451422417,0.003948684191248203,0.2000563548577582
3.8000000000000003,0.5999436451422417,0.003948684191248203,-0.01534389790292694,0.4,0.4,0.02,True,True,0.6,False,0.599982364789259,0.003795245212218934,0.2000176352107409
3.81,0.599982364789259,0.003795245212218934,-0.015039899162948211,0.4,0.4,0.02,True,True,0.6,False,0.6000195652464231,0.003644846220589452,0.19998043475357696
3.8200000000000003,0.6000195652464231,0.003644846220589452,-0.014735906853742634,0.4,0.4,0.02,True,True,0.6,False,0.6000552769132862,0.0034974871520520256,0.19994472308671374
3.83,0.6000552769132862,0.0034974871520520256,-0.014432163914497842,0.4,0.4,0.02,True,True,0.6,False,0.6000895301766109,0.003353165512907047,0.1999104698233889
3.84,0.6000895301766109,0.003353165512907047,-0.014128903464515808,0.4,0.4,0.02,True,True,0.6,False,0.6001223553865668,0.003211876478261889,0.19987764461343316
3.85,0.6001223553865668,0.003211876478261889,-0.013826349005581932,0.4,0.4,0.02,True,True,0.6,False,0.6001537828338991,0.00307361298820607,0.19984621716610085
3.86,0.6001537828338991,0.00307361298820607,-0.01352471462401714,0.4,0.4,0.02,True,True,0.6,False,0.6001838427280499,0.0029383658419658986,0.19981615727195012
3.87,0.6001838427280499,0.0029383658419658986,-0.01322420519226314,0.4,0.4,0.02,True,True,0.6,False,0.6002125651762099,0.002806123790043267,0.19978743482379002
3.88,0.6002125651762099,0.002806123790043267,-0.012925016569852536,0.4,0.4,0.02,True,True,0.6,False,0.6002399801632818,0.002676873624344742,0.1997600198367182
3.89,0.6002399801632818,0.002676873624344742,-0.012627335803633856,0.4,0.4,0.02,True,True,0.6,False,0.6002661175327351,0.0025506002663084034,0.19973388246726498
3.9,0.6002661175327351,0.0025506002663084034,-0.012331341327114321,0.4,0.4,0.02,True,True,0.6,False,0.6002910069683317,0.00242728685303726,0.19970899303166822
3.91,0.6002910069683317,0.00242728685303726,-0.012037203158802886,0.4,0.4,0.02,True,True,0.6,False,0.6003146779767041,0.0023069148214492313,0.19968532202329592
3.92,0.6003146779767041,0.0023069148214492313,-0.011745083099430105,0.4,0.4,0.02,True,True,0.6,False,0.6003371598707636,0.0021894639904549303,0.19966284012923619
3.93,0.6003371598707636,0.0021894639904549303,-0.011455134927928995,0.4,0.4,0.02,True,True,0.6,False,0.6003584817539218,0.0020749126411756403,0.199641518246078
3.94,0.6003584817539218,0.0020749126411756403,-0.011167504596077245,0.4,0.4,0.02,True,True,0.6,False,0.6003786725051037,0.001963237595214868,0.19962132749489636
3.95,0.6003786725051037,0.001963237595214868,-0.010882330421689115,0.4,0.4,0.02,True,True,0.6,False,0.6003977607645348,0.0018544142909979768,0.19960223923546505
3.96,0.6003977607645348,0.0018544142909979768,-0.010599743280270257,0.4,0.4,0.02,True,True,0.6,False,0.6004157749202808,0.0017484168581952742,0.1995842250797193
3.97,0.6004157749202808,0.0017484168581952742,-0.010319866795027305,0.4,0.4,0.02,True,True,0.6,False,0.600432743095523,0.0016452181902450011,0.19956725690447707
3.98,0.600432743095523,0.0016452181902450011,-0.010042817525163937,0.4,0.4,0.02,True,True,0.6,False,0.6004486931365492,0.0015447900149933617,0.19955130686345068
3.99,0.6004486931365492,0.0015447900149933617,-0.009768705152367621,0.4,0.4,0.02,True,True,0.6,False,0.6004636526014416,0.0014471029634696856,0.1995363473985583
