t,x,v,a,latest_offset,applied_offset,effective_bound,available,authorized,target_local,braking,x_next,v_next,step_min_clearance
0.0,0,0.8,-0.40000000000000036,0,0,0.02,True,True,0.35,False,0.007980000000000001,0.796,0.49202
0.01,0.007980000000000001,0.796,-0.44784000000000024,0,0,0.02,True,True,0.35,False,0.015917608000000003,0.7915216,0.484082392
0.02,0.015917608000000003,0.7915216,-0.4934272640000006,0,0,0.02,True,True,0.35,False,0.0238081526368,0.78658732736,0.47619184736319997
0.03,0.0238081526368,0.78658732736,-0.5368145305344005,0,0,0.02,True,True,0.35,False,0.03164718518387328,0.781219182054656,0.46835281481612673
0.04,0.03164718518387328,0.781219182054656,-0.5780542096896104,0,0,0.02,True,True,0.35,False,0.039430474293935355,0.7754386399577599,0.46056952570606463
0.05,0.039430474293935355,0.7754386399577599,-0.6171983541825226,0,0,0.02,True,True,0.35,False,0.047154000775803825,0.7692666564159346,0.45284599922419616
0.06,0.047154000775803825,0.7692666564159346,-0.6542986318701693,0,0,0.02,True,True,0.35,False,0.054813952408369664,0.762723670097233,0.44518604759163033
0.07,0.054813952408369664,0.762723670097233,-0.6894062996558894,0,0,0.02,True,True,0.35,False,0.0624067187943592,0.755829607100674,0.4375932812056408
0.08,0.0624067187943592,0.755829607100674,-0.7225721787575701,0,0,0.02,True,True,0.35,False,0.06992888625642806,0.7486038853130983,0.43007111374357193
0.09,0.06992888625642806,0.7486038853130983,-0.7538466313038179,0,0,0.02,True,True,0.35,False,0.07737723277799384,0.7410654190000601,0.42262276722200615
0.1,0.07737723277799384,0.7410654190000601,-0.7832795382241913,0,0,0.02,True,True,0.35,False,0.08474872299108323,0.7332326236178182,0.4152512770089168
0.11,0.08474872299108323,0.7332326236178182,-0.8109202783999385,0,0,0.02,True,True,0.35,False,0.09204050321334141,0.7251234208338188,0.4079594967866586
0.12,0.09204050321334141,0.7251234208338188,-0.8368177090420064,0,0,0.02,True,True,0.35,False,0.0992498965362275,0.7167552437433987,0.4007501034637725
0.13,0.0992498965362275,0.7167552437433987,-0.8610201472634151,0,0,0.02,True,True,0.35,False,0.10637439796629831,0.7081450422707646,0.39362560203370167
0.14,0.10637439796629831,0.7081450422707646,-0.8835753528134451,0,0,0.02,True,True,0.35,False,0.11341166962136529,0.6993092887426301,0.3865883303786347
0.15,0.11341166962136529,0.6993092887426301,-0.9045305119414428,0,0,0.02,True,True,0.35,False,0.12035953598319452,0.6902639836232156,0.3796404640168055
0.16,0.12035953598319452,0.6902639836232156,-0.9239322223584188,0,0,0.02,True,True,0.35,False,0.12721597920830874,0.6810246613996315,0.37278402079169126
0.17,0.12721597920830874,0.6810246613996315,-0.941826479264996,0,0,0.02,True,True,0.35,False,0.1339791344983418,0.6716063966069815,0.3660208655016582
0.18,0.1339791344983418,0.6716063966069815,-0.9582586624146607,0,0,0.02,True,True,0.35,False,0.1406472855312909,0.6620238099828349,0.3593527144687091
0.19,0.1406472855312909,0.6620238099828349,-0.9732735241816672,0,0,0.02,True,True,0.35,False,0.14721885995491016,0.6522910747410182,0.35278114004508987
0.2,0.14721885995491016,0.6522910747410182,-2.0,,,,False,False,,True,0.15364177070232035,0.6322910747410182,0.3463582292976797
0.21,0.15364177070232035,0.6322910747410182,-2.0,,,,False,False,,True,0.15986468144973054,0.6122910747410182,0.34013531855026946
0.22,0.15986468144973054,0.6122910747410182,-2.0,,,,False,False,,True,0.16588759219714072,0.5922910747410182,0.3341124078028593
0.23,0.16588759219714072,0.5922910747410182,-2.0,,,,False,False,,True,0.17171050294455092,0.5722910747410181,0.3282894970554491
0.24,0.17171050294455092,0.5722910747410181,-2.0,,,,False,False,,True,0.17733341369196112,0.5522910747410181,0.3226665863080389
0.25,0.17733341369196112,0.5522910747410181,-2.0,,,,False,False,,True,0.18275632443937131,0.5322910747410181,0.3172436755606287
0.26,0.18275632443937131,0.5322910747410181,-2.0,,,,False,False,,True,0.1879792351867815,0.5122910747410181,0.3120207648132185
0.27,0.1879792351867815,0.5122910747410181,-2.0,,,,False,False,,True,0.19300214593419168,0.4922910747410181,0.3069978540658083
0.28,0.19300214593419168,0.4922910747410181,-2.0,,,,False,False,,True,0.19782505668160189,0.47229107474101806,0.3021749433183981
0.29,0.19782505668160189,0.47229107474101806,-2.0,,,,False,False,,True,0.20244796742901208,0.45229107474101804,0.29755203257098795
0.3,0.20244796742901208,0.45229107474101804,-2.0,,,,False,False,,True,0.20687087817642227,0.432291074741018,0.29312912182357775
0.31,0.20687087817642227,0.432291074741018,-2.0,,,,False,False,,True,0.21109378892383246,0.412291074741018,0.28890621107616754
0.32,0.21109378892383246,0.412291074741018,-2.0,,,,False,False,,True,0.21511669967124264,0.392291074741018,0.28488330032875736
0.33,0.21511669967124264,0.392291074741018,-2.0,,,,False,False,,True,0.21893961041865284,0.37229107474101797,0.28106038958134716
0.34,0.21893961041865284,0.37229107474101797,-2.0,,,,False,False,,True,0.22256252116606304,0.35229107474101795,0.277437478833937
0.35000000000000003,0.22256252116606304,0.35229107474101795,-2.0,,,,False,False,,True,0.22598543191347323,0.33229107474101793,0.2740145680865268
0.36,0.22598543191347323,0.33229107474101793,-2.0,,,,False,False,,True,0.2292083426608834,0.3122910747410179,0.2707916573391166
0.37,0.2292083426608834,0.3122910747410179,-2.0,,,,False,False,,True,0.2322312534082936,0.2922910747410179,0.2677687465917064
0.38,0.2322312534082936,0.2922910747410179,-2.0,,,,False,False,,True,0.2350541641557038,0.2722910747410179,0.2649458358442962
0.39,0.2350541641557038,0.2722910747410179,-2.0,,,,False,False,,True,0.237677074903114,0.25229107474101786,0.26232292509688604
0.4,0.237677074903114,0.25229107474101786,-2.0,,,,False,False,,True,0.24009998565052418,0.23229107474101787,0.25990001434947585
0.41000000000000003,0.24009998565052418,0.23229107474101787,-2.0,,,,False,False,,True,0.24232289639793436,0.21229107474101788,0.25767710360206564
0.42,0.24232289639793436,0.21229107474101788,-2.0,,,,False,False,,True,0.24434580714534454,0.1922910747410179,0.25565419285465546
0.43,0.24434580714534454,0.1922910747410179,-2.0,,,,False,False,,True,0.24616871789275474,0.1722910747410179,0.25383128210724526
0.44,0.24616871789275474,0.1722910747410179,-2.0,,,,False,False,,True,0.24779162864016493,0.1522910747410179,0.2522083713598351
0.45,0.24779162864016493,0.1522910747410179,-2.0,,,,False,False,,True,0.24921453938757512,0.13229107474101792,0.2507854606124249
0.46,0.24921453938757512,0.13229107474101792,-2.0,,,,False,False,,True,0.2504374501349853,0.11229107474101792,0.2495625498650147
0.47000000000000003,0.2504374501349853,0.11229107474101792,-2.0,,,,False,False,,True,0.2514603608823955,0.09229107474101791,0.24853963911760452
0.48,0.2514603608823955,0.09229107474101791,-2.0,,,,False,False,,True,0.2522832716298057,0.07229107474101791,0.24771672837019432
0.49,0.2522832716298057,0.07229107474101791,-2.0,,,,False,False,,True,0.25290618237721585,0.05229107474101791,0.24709381762278415
0.5,0.25290618237721585,0.05229107474101791,-2.0,,,,False,False,,True,0.25332909312462604,0.0322910747410179,0.24667090687537396
0.51,0.25332909312462604,0.0322910747410179,-2.0,,,,False,False,,True,0.25355200387203625,0.012291074741017902,0.24644799612796375
0.52,0.25355200387203625,0.012291074741017902,-2.0,,,,False,False,,True,0.2535897715016086,0.0,0.2464102284983914
0.53,0.2535897715016086,0.0,0.0,,,,False,False,,True,0.2535897715016086,0.0,0.2464102284983914
0.54,0.2535897715016086,0.0,0.0,,,,False,False,,True,0.2535897715016086,0.0,0.2464102284983914
0.55,0.2535897715016086,0.0,0.0,,,,False,False,,True,0.2535897715016086,0.0,0.2464102284983914
0.56,0.2535897715016086,0.0,0.0,,,,False,False,,True,0.2535897715016086,0.0,0.2464102284983914
0.5700000000000001,0.2535897715016086,0.0,0.0,,,,False,False,,True,0.2535897715016086,0.0,0.2464102284983914
0.58,0.2535897715016086,0.0,0.0,,,,False,False,,True,0.2535897715016086,0.0,0.2464102284983914
0.59,0.2535897715016086,0.0,0.0,,,,False,False,,True,0.2535897715016086,0.0,0.2464102284983914
0.6,0.2535897715016086,0.0,0.0,,,,False,False,,True,0.2535897715016086,0.0,0.2464102284983914
0.61,0.2535897715016086,0.0,0.0,,,,False,False,,True,0.2535897715016086,0.0,0.2464102284983914
0.62,0.2535897715016086,0.0,0.0,,,,False,False,,True,0.2535897715016086,0.0,0.2464102284983914
0.63,0.2535897715016086,0.0,0.0,,,,False,False,,True,0.2535897715016086,0.0,0.2464102284983914
0.64,0.2535897715016086,0.0,0.0,,,,False,False,,True,0.2535897715016086,0.0,0.2464102284983914
0.65,0.2535897715016086,0.0,0.0,,,,False,False,,True,0.2535897715016086,0.0,0.2464102284983914
0.66,0.2535897715016086,0.0,0.0,,,,False,False,,True,0.2535897715016086,0.0,0.2464102284983914
0.67,0.2535897715016086,0.0,0.0,,,,False,False,,True,0.2535897715016086,0.0,0.2464102284983914
0.68,0.2535897715016086,0.0,0.0,,,,False,False,,True,0.2535897715016086,0.0,0.2464102284983914
0.6900000000000001,0.2535897715016086,0.0,0.0,,,,False,False,,True,0.2535897715016086,0.0,0.2464102284983914
0.7000000000000001,0.2535897715016086,0.0,0.0,,,,False,False,,True,0.2535897715016086,0.0,0.2464102284983914
0.71,0.2535897715016086,0.0,0.0,,,,False,False,,True,0.2535897715016086,0.0,0.2464102284983914
0.72,0.2535897715016086,0.0,0.0,,,,False,False,,True,0.2535897715016086,0.0,0.2464102284983914
0.73,0.2535897715016086,0.0,0.0,,,,False,False,,True,0.2535897715016086,0.0,0.2464102284983914
0.74,0.2535897715016086,0.0,0.0,,,,False,False,,True,0.2535897715016086,0.0,0.2464102284983914
0.75,0.2535897715016086,0.0,0.0,,,,False,False,,True,0.2535897715016086,0.0,0.2464102284983914
0.76,0.2535897715016086,0.0,0.0,,,,False,False,,True,0.2535897715016086,0.0,0.2464102284983914
0.77,0.2535897715016086,0.0,0.0,,,,False,False,,True,0.2535897715016086,0.0,0.2464102284983914
0.78,0.2535897715016086,0.0,0.0,,,,False,False,,True,0.2535897715016086,0.0,0.2464102284983914
0.79,0.2535897715016086,0.0,0.0,,,,False,False,,True,0.2535897715016086,0.0,0.2464102284983914
0.8,0.2535897715016086,0.0,0.0,,,,False,False,,True,0.2535897715016086,0.0,0.2464102284983914
0.81,0.2535897715016086,0.0,0.0,,,,False,False,,True,0.2535897715016086,0.0,0.2464102284983914
0.8200000000000001,0.2535897715016086,0.0,0.0,,,,False,False,,True,0.2535897715016086,0.0,0.2464102284983914
0.8300000000000001,0.2535897715016086,0.0,0.0,,,,False,False,,True,0.2535897715016086,0.0,0.2464102284983914
0.84,0.2535897715016086,0.0,0.0,,,,False,False,,True,0.2535897715016086,0.0,0.2464102284983914
0.85,0.2535897715016086,0.0,0.0,,,,False,False,,True,0.2535897715016086,0.0,0.2464102284983914
0.86,0.2535897715016086,0.0,0.0,,,,False,False,,True,0.2535897715016086,0.0,0.2464102284983914
0.87,0.2535897715016086,0.0,0.0,,,,False,False,,True,0.2535897715016086,0.0,0.2464102284983914
0.88,0.2535897715016086,0.0,0.0,,,,False,False,,True,0.2535897715016086,0.0,0.2464102284983914
0.89,0.2535897715016086,0.0,0.0,,,,False,False,,True,0.2535897715016086,0.0,0.2464102284983914
0.9,0.2535897715016086,0.0,0.0,,,,False,False,,True,0.2535897715016086,0.0,0.2464102284983914
0.91,0.2535897715016086,0.0,0.0,,,,False,False,,True,0.2535897715016086,0.0,0.2464102284983914
0.92,0.2535897715016086,0.0,0.0,,,,False,False,,True,0.2535897715016086,0.0,0.2464102284983914
0.93,0.2535897715016086,0.0,0.0,,,,False,False,,True,0.2535897715016086,0.0,0.2464102284983914
0.9400000000000001,0.2535897715016086,0.0,0.0,,,,False,False,,True,0.2535897715016086,0.0,0.2464102284983914
0.9500000000000001,0.2535897715016086,0.0,0.0,,,,False,False,,True,0.2535897715016086,0.0,0.2464102284983914
0.96,0.2535897715016086,0.0,0.0,,,,False,False,,True,0.2535897715016086,0.0,0.2464102284983914
0.97,0.2535897715016086,0.0,0.0,,,,False,False,,True,0.2535897715016086,0.0,0.2464102284983914
0.98,0.2535897715016086,0.0,0.0,,,,False,False,,True,0.2535897715016086,0.0,0.2464102284983914
0.99,0.2535897715016086,0.0,0.0,,,,False,False,,True,0.2535897715016086,0.0,0.2464102284983914
1.0,0.2535897715016086,0.0,0.0,,,,False,False,,True,0.2535897715016086,0.0,0.2464102284983914
1.01,0.2535897715016086,0.0,0.0,,,,False,False,,True,0.2535897715016086,0.0,0.2464102284983914
1.02,0.2535897715016086,0.0,0.0,,,,False,False,,True,0.2535897715016086,0.0,0.2464102284983914
1.03,0.2535897715016086,0.0,0.0,,,,False,False,,True,0.2535897715016086,0.0,0.2464102284983914
1.04,0.2535897715016086,0.0,0.0,,,,False,False,,True,0.2535897715016086,0.0,0.2464102284983914
1.05,0.2535897715016086,0.0,0.0,,,,False,False,,True,0.2535897715016086,0.0,0.2464102284983914
1.06,0.2535897715016086,0.0,0.0,,,,False,False,,True,0.2535897715016086,0.0,0.2464102284983914
1.07,0.2535897715016086,0.0,0.0,,,,False,False,,True,0.2535897715016086,0.0,0.2464102284983914
1.08,0.2535897715016086,0.0,0.0,,,,False,False,,True,0.2535897715016086,0.0,0.2464102284983914
1.09,0.2535897715016086,0.0,0.0,,,,False,False,,True,0.2535897715016086,0.0,0.2464102284983914
1.1,0.2535897715016086,0.0,0.0,,,,False,False,,True,0.2535897715016086,0.0,0.2464102284983914
1.11,0.2535897715016086,0.0,0.0,,,,False,False,,True,0.2535897715016086,0.0,0.2464102284983914
1.12,0.2535897715016086,0.0,0.0,,,,False,False,,True,0.2535897715016086,0.0,0.2464102284983914
1.1300000000000001,0.2535897715016086,0.0,0.0,,,,False,False,,True,0.2535897715016086,0.0,0.2464102284983914
1.1400000000000001,0.2535897715016086,0.0,0.0,,,,False,False,,True,0.2535897715016086,0.0,0.2464102284983914
1.1500000000000001,0.2535897715016086,0.0,0.0,,,,False,False,,True,0.2535897715016086,0.0,0.2464102284983914
1.16,0.2535897715016086,0.0,0.0,,,,False,False,,True,0.2535897715016086,0.0,0.2464102284983914
1.17,0.2535897715016086,0.0,0.0,,,,False,False,,True,0.2535897715016086,0.0,0.2464102284983914
1.18,0.2535897715016086,0.0,0.0,,,,False,False,,True,0.2535897715016086,0.0,0.2464102284983914
1.19,0.2535897715016086,0.0,0.0,,,,False,False,,True,0.2535897715016086,0.0,0.2464102284983914
1.2,0.2535897715016086,0.0,0.0,,,,False,False,,True,0.2535897715016086,0.0,0.2464102284983914
1.21,0.2535897715016086,0.0,0.0,,,,False,False,,True,0.2535897715016086,0.0,0.2464102284983914
1.22,0.2535897715016086,0.0,0.0,,,,False,False,,True,0.2535897715016086,0.0,0.2464102284983914
1.23,0.2535897715016086,0.0,0.0,,,,False,False,,True,0.2535897715016086,0.0,0.2464102284983914
1.24,0.2535897715016086,0.0,0.0,,,,False,False,,True,0.2535897715016086,0.0,0.2464102284983914
1.25,0.2535897715016086,0.0,0.0,,,,False,False,,True,0.2535897715016086,0.0,0.2464102284983914
1.26,0.2535897715016086,0.0,0.0,,,,False,False,,True,0.2535897715016086,0.0,0.2464102284983914
1.27,0.2535897715016086,0.0,0.0,,,,False,False,,True,0.2535897715016086,0.0,0.2464102284983914
1.28,0.2535897715016086,0.0,0.0,,,,False,False,,True,0.2535897715016086,0.0,0.2464102284983914
1.29,0.2535897715016086,0.0,0.0,,,,False,False,,True,0.2535897715016086,0.0,0.2464102284983914
1.3,0.2535897715016086,0.0,0.0,,,,False,False,,True,0.2535897715016086,0.0,0.2464102284983914
1.31,0.2535897715016086,0.0,0.0,,,,False,False,,True,0.2535897715016086,0.0,0.2464102284983914
1.32,0.2535897715016086,0.0,0.0,,,,False,False,,True,0.2535897715016086,0.0,0.2464102284983914
1.33,0.2535897715016086,0.0,0.0,,,,False,False,,True,0.2535897715016086,0.0,0.2464102284983914
1.34,0.2535897715016086,0.0,0.0,,,,False,False,,True,0.2535897715016086,0.0,0.2464102284983914
1.35,0.2535897715016086,0.0,0.0,,,,False,False,,True,0.2535897715016086,0.0,0.2464102284983914
1.36,0.2535897715016086,0.0,0.0,,,,False,False,,True,0.2535897715016086,0.0,0.2464102284983914
1.37,0.2535897715016086,0.0,0.0,,,,False,False,,True,0.2535897715016086,0.0,0.2464102284983914
1.3800000000000001,0.2535897715016086,0.0,0.0,,,,False,False,,True,0.2535897715016086,0.0,0.2464102284983914
1.3900000000000001,0.2535897715016086,0.0,0.0,,,,False,False,,True,0.2535897715016086,0.0,0.2464102284983914
1.4000000000000001,0.2535897715016086,0.0,0.0,,,,False,False,,True,0.2535897715016086,0.0,0.2464102284983914
1.41,0.2535897715016086,0.0,0.0,,,,False,False,,True,0.2535897715016086,0.0,0.2464102284983914
1.42,0.2535897715016086,0.0,0.0,,,,False,False,,True,0.2535897715016086,0.0,0.2464102284983914
1.43,0.2535897715016086,0.0,0.0,,,,False,False,,True,0.2535897715016086,0.0,0.2464102284983914
1.44,0.2535897715016086,0.0,0.0,,,,False,False,,True,0.2535897715016086,0.0,0.2464102284983914
1.45,0.2535897715016086,0.0,0.0,,,,False,False,,True,0.2535897715016086,0.0,0.2464102284983914
1.46,0.2535897715016086,0.0,0.0,,,,False,False,,True,0.2535897715016086,0.0,0.2464102284983914
1.47,0.2535897715016086,0.0,0.0,,,,False,False,,True,0.2535897715016086,0.0,0.2464102284983914
1.48,0.2535897715016086,0.0,0.0,,,,False,False,,True,0.2535897715016086,0.0,0.2464102284983914
1.49,0.2535897715016086,0.0,0.0,,,,False,False,,True,0.2535897715016086,0.0,0.2464102284983914
1.5,0.2535897715016086,0.0,0.0,,,,False,False,,True,0.2535897715016086,0.0,0.2464102284983914
1.51,0.2535897715016086,0.0,0.0,,,,False,False,,True,0.2535897715016086,0.0,0.2464102284983914
1.52,0.2535897715016086,0.0,0.0,,,,False,False,,True,0.2535897715016086,0.0,0.2464102284983914
1.53,0.2535897715016086,0.0,0.0,,,,False,False,,True,0.2535897715016086,0.0,0.2464102284983914
1.54,0.2535897715016086,0.0,0.0,,,,False,False,,True,0.2535897715016086,0.0,0.2464102284983914
1.55,0.2535897715016086,0.0,0.0,,,,False,False,,True,0.2535897715016086,0.0,0.2464102284983914
1.56,0.2535897715016086,0.0,0.0,,,,False,False,,True,0.2535897715016086,0.0,0.2464102284983914
1.57,0.2535897715016086,0.0,0.0,,,,False,False,,True,0.2535897715016086,0.0,0.2464102284983914
1.58,0.2535897715016086,0.0,0.0,,,,False,False,,True,0.2535897715016086,0.0,0.2464102284983914
1.59,0.2535897715016086,0.0,0.0,,,,False,False,,True,0.2535897715016086,0.0,0.2464102284983914
1.6,0.2535897715016086,0.0,0.0,,,,False,False,,True,0.2535897715016086,0.0,0.2464102284983914
1.61,0.2535897715016086,0.0,0.0,,,,False,False,,True,0.2535897715016086,0.0,0.2464102284983914
1.62,0.2535897715016086,0.0,0.0,,,,False,False,,True,0.2535897715016086,0.0,0.2464102284983914
1.6300000000000001,0.2535897715016086,0.0,0.0,,,,False,False,,True,0.2535897715016086,0.0,0.2464102284983914
1.6400000000000001,0.2535897715016086,0.0,0.0,,,,False,False,,True,0.2535897715016086,0.0,0.2464102284983914
1.6500000000000001,0.2535897715016086,0.0,0.0,,,,False,False,,True,0.2535897715016086,0.0,0.2464102284983914
1.6600000000000001,0.2535897715016086,0.0,0.0,,,,False,False,,True,0.2535897715016086,0.0,0.2464102284983914
1.67,0.2535897715016086,0.0,0.0,,,,False,False,,True,0.2535897715016086,0.0,0.2464102284983914
1.68,0.2535897715016086,0.0,0.0,,,,False,False,,True,0.2535897715016086,0.0,0.2464102284983914
1.69,0.2535897715016086,0.0,0.0,,,,False,False,,True,0.2535897715016086,0.0,0.2464102284983914
1.7,0.2535897715016086,0.0,0.0,,,,False,False,,True,0.2535897715016086,0.0,0.2464102284983914
1.71,0.2535897715016086,0.0,0.0,,,,False,False,,True,0.2535897715016086,0.0,0.2464102284983914
1.72,0.2535897715016086,0.0,0.0,,,,False,False,,True,0.2535897715016086,0.0,0.2464102284983914
1.73,0.2535897715016086,0.0,0.0,,,,False,False,,True,0.2535897715016086,0.0,0.2464102284983914
1.74,0.2535897715016086,0.0,0.0,,,,False,False,,True,0.2535897715016086,0.0,0.2464102284983914
1.75,0.2535897715016086,0.0,0.0,,,,False,False,,True,0.2535897715016086,0.0,0.2464102284983914
1.76,0.2535897715016086,0.0,0.0,,,,False,False,,True,0.2535897715016086,0.0,0.2464102284983914
1.77,0.2535897715016086,0.0,0.0,,,,False,False,,True,0.2535897715016086,0.0,0.2464102284983914
1.78,0.2535897715016086,0.0,0.0,,,,False,False,,True,0.2535897715016086,0.0,0.2464102284983914
1.79,0.2535897715016086,0.0,0.0,,,,False,False,,True,0.2535897715016086,0.0,0.2464102284983914
1.8,0.2535897715016086,0.0,0.0,,,,False,False,,True,0.2535897715016086,0.0,0.2464102284983914
1.81,0.2535897715016086,0.0,0.0,,,,False,False,,True,0.2535897715016086,0.0,0.2464102284983914
1.82,0.2535897715016086,0.0,0.0,,,,False,False,,True,0.2535897715016086,0.0,0.2464102284983914
1.83,0.2535897715016086,0.0,0.0,,,,False,False,,True,0.2535897715016086,0.0,0.2464102284983914
1.84,0.2535897715016086,0.0,0.0,,,,False,False,,True,0.2535897715016086,0.0,0.2464102284983914
1.85,0.2535897715016086,0.0,0.0,,,,False,False,,True,0.2535897715016086,0.0,0.2464102284983914
1.86,0.2535897715016086,0.0,0.0,,,,False,False,,True,0.2535897715016086,0.0,0.2464102284983914
1.87,0.2535897715016086,0.0,0.0,,,,False,False,,True,0.2535897715016086,0.0,0.2464102284983914
1.8800000000000001,0.2535897715016086,0.0,0.0,,,,False,False,,True,0.2535897715016086,0.0,0.2464102284983914
1.8900000000000001,0.2535897715016086,0.0,0.0,,,,False,False,,True,0.2535897715016086,0.0,0.2464102284983914
1.9000000000000001,0.2535897715016086,0.0,0.0,,,,False,False,,True,0.2535897715016086,0.0,0.2464102284983914
1.9100000000000001,0.2535897715016086,0.0,0.0,,,,False,False,,True,0.2535897715016086,0.0,0.2464102284983914
1.92,0.2535897715016086,0.0,0.0,,,,False,False,,True,0.2535897715016086,0.0,0.2464102284983914
1.93,0.2535897715016086,0.0,0.0,,,,False,False,,True,0.2535897715016086,0.0,0.2464102284983914
1.94,0.2535897715016086,0.0,0.0,,,,False,False,,True,0.2535897715016086,0.0,0.2464102284983914
1.95,0.2535897715016086,0.0,0.0,,,,False,False,,True,0.2535897715016086,0.0,0.2464102284983914
1.96,0.2535897715016086,0.0,0.0,,,,False,False,,True,0.2535897715016086,0.0,0.2464102284983914
1.97,0.2535897715016086,0.0,0.0,,,,False,False,,True,0.2535897715016086,0.0,0.2464102284983914
1.98,0.2535897715016086,0.0,0.0,,,,False,False,,True,0.2535897715016086,0.0,0.2464102284983914
1.99,0.2535897715016086,0.0,0.0,,,,False,False,,True,0.2535897715016086,0.0,0.2464102284983914
2.0,0.2535897715016086,0.0,0.0,,,,False,False,,True,0.2535897715016086,0.0,0.2464102284983914
2.0100000000000002,0.2535897715016086,0.0,0.0,,,,False,False,,True,0.2535897715016086,0.0,0.2464102284983914
2.02,0.2535897715016086,0.0,0.0,,,,False,False,,True,0.2535897715016086,0.0,0.2464102284983914
2.0300000000000002,0.2535897715016086,0.0,0.0,,,,False,False,,True,0.2535897715016086,0.0,0.2464102284983914
2.04,0.2535897715016086,0.0,0.0,,,,False,False,,True,0.2535897715016086,0.0,0.2464102284983914
2.05,0.2535897715016086,0.0,0.0,,,,False,False,,True,0.2535897715016086,0.0,0.2464102284983914
2.06,0.2535897715016086,0.0,0.0,,,,False,False,,True,0.2535897715016086,0.0,0.2464102284983914
2.07,0.2535897715016086,0.0,0.0,,,,False,False,,True,0.2535897715016086,0.0,0.2464102284983914
2.08,0.2535897715016086,0.0,0.0,,,,False,False,,True,0.2535897715016086,0.0,0.2464102284983914
2.09,0.2535897715016086,0.0,0.0,,,,False,False,,True,0.2535897715016086,0.0,0.2464102284983914
2.1,0.2535897715016086,0.0,0.0,,,,False,False,,True,0.2535897715016086,0.0,0.2464102284983914
2.11,0.2535897715016086,0.0,0.0,,,,False,False,,True,0.2535897715016086,0.0,0.2464102284983914
2.12,0.2535897715016086,0.0,0.0,,,,False,False,,True,0.2535897715016086,0.0,0.2464102284983914
2.13,0.2535897715016086,0.0,0.0,,,,False,False,,True,0.2535897715016086,0.0,0.2464102284983914
2.14,0.2535897715016086,0.0,0.0,,,,False,False,,True,0.2535897715016086,0.0,0.2464102284983914
2.15,0.2535897715016086,0.0,0.0,,,,False,False,,True,0.2535897715016086,0.0,0.2464102284983914
2.16,0.2535897715016086,0.0,0.0,,,,False,False,,True,0.2535897715016086,0.0,0.2464102284983914
2.17,0.2535897715016086,0.0,0.0,,,,False,False,,True,0.2535897715016086,0.0,0.2464102284983914
2.18,0.2535897715016086,0.0,0.0,,,,False,False,,True,0.2535897715016086,0.0,0.2464102284983914
2.19,0.2535897715016086,0.0,0.0,,,,False,False,,True,0.2535897715016086,0.0,0.2464102284983914
2.2,0.2535897715016086,0.0,0.0,,,,False,False,,True,0.2535897715016086,0.0,0.2464102284983914
2.21,0.2535897715016086,0.0,0.0,,,,False,False,,True,0.2535897715016086,0.0,0.2464102284983914
2.22,0.2535897715016086,0.0,0.0,,,,False,False,,True,0.2535897715016086,0.0,0.2464102284983914
2.23,0.2535897715016086,0.0,0.0,,,,False,False,,True,0.2535897715016086,0.0,0.2464102284983914
2.24,0.2535897715016086,0.0,0.0,,,,False,False,,True,0.2535897715016086,0.0,0.2464102284983914
2.25,0.2535897715016086,0.0,0.0,,,,False,False,,True,0.2535897715016086,0.0,0.2464102284983914
2.2600000000000002,0.2535897715016086,0.0,0.0,,,,False,False,,True,0.2535897715016086,0.0,0.2464102284983914
2.27,0.2535897715016086,0.0,0.0,,,,False,False,,True,0.2535897715016086,0.0,0.2464102284983914
2.2800000000000002,0.2535897715016086,0.0,0.0,,,,False,False,,True,0.2535897715016086,0.0,0.2464102284983914
2.29,0.2535897715016086,0.0,0.0,,,,False,False,,True,0.2535897715016086,0.0,0.2464102284983914
2.3000000000000003,0.2535897715016086,0.0,0.0,,,,False,False,,True,0.2535897715016086,0.0,0.2464102284983914
2.31,0.2535897715016086,0.0,0.0,,,,False,False,,True,0.2535897715016086,0.0,0.2464102284983914
2.32,0.2535897715016086,0.0,0.0,,,,False,False,,True,0.2535897715016086,0.0,0.2464102284983914
2.33,0.2535897715016086,0.0,0.0,,,,False,False,,True,0.2535897715016086,0.0,0.2464102284983914
2.34,0.2535897715016086,0.0,0.0,,,,False,False,,True,0.2535897715016086,0.0,0.2464102284983914
2.35,0.2535897715016086,0.0,0.0,,,,False,False,,True,0.2535897715016086,0.0,0.2464102284983914
2.36,0.2535897715016086,0.0,0.0,,,,False,False,,True,0.2535897715016086,0.0,0.2464102284983914
2.37,0.2535897715016086,0.0,0.0,,,,False,False,,True,0.2535897715016086,0.0,0.2464102284983914
2.38,0.2535897715016086,0.0,0.0,,,,False,False,,True,0.2535897715016086,0.0,0.2464102284983914
2.39,0.2535897715016086,0.0,0.0,,,,False,False,,True,0.2535897715016086,0.0,0.2464102284983914
2.4,0.2535897715016086,0.0,0.0,,,,False,False,,True,0.2535897715016086,0.0,0.2464102284983914
2.41,0.2535897715016086,0.0,0.0,,,,False,False,,True,0.2535897715016086,0.0,0.2464102284983914
2.42,0.2535897715016086,0.0,0.0,,,,False,False,,True,0.2535897715016086,0.0,0.2464102284983914
2.43,0.2535897715016086,0.0,0.0,,,,False,False,,True,0.2535897715016086,0.0,0.2464102284983914
2.44,0.2535897715016086,0.0,0.0,,,,False,False,,True,0.2535897715016086,0.0,0.2464102284983914
2.45,0.2535897715016086,0.0,0.0,,,,False,False,,True,0.2535897715016086,0.0,0.2464102284983914
2.46,0.2535897715016086,0.0,0.0,,,,False,False,,True,0.2535897715016086,0.0,0.2464102284983914
2.47,0.2535897715016086,0.0,0.0,,,,False,False,,True,0.2535897715016086,0.0,0.2464102284983914
2.48,0.2535897715016086,0.0,0.0,,,,False,False,,True,0.2535897715016086,0.0,0.2464102284983914
2.49,0.2535897715016086,0.0,0.0,,,,False,False,,True,0.2535897715016086,0.0,0.2464102284983914
2.5,0.2535897715016086,0.0,0.0,,,,False,False,,True,0.2535897715016086,0.0,0.2464102284983914
2.5100000000000002,0.2535897715016086,0.0,0.0,,,,False,False,,True,0.2535897715016086,0.0,0.2464102284983914
2.52,0.2535897715016086,0.0,0.0,,,,False,False,,True,0.2535897715016086,0.0,0.2464102284983914
2.5300000000000002,0.2535897715016086,0.0,0.0,,,,False,False,,True,0.2535897715016086,0.0,0.2464102284983914
2.54,0.2535897715016086,0.0,0.0,,,,False,False,,True,0.2535897715016086,0.0,0.2464102284983914
2.5500000000000003,0.2535897715016086,0.0,0.0,,,,False,False,,True,0.2535897715016086,0.0,0.2464102284983914
2.56,0.2535897715016086,0.0,0.0,,,,False,False,,True,0.2535897715016086,0.0,0.2464102284983914
2.57,0.2535897715016086,0.0,0.0,,,,False,False,,True,0.2535897715016086,0.0,0.2464102284983914
2.58,0.2535897715016086,0.0,0.0,,,,False,False,,True,0.2535897715016086,0.0,0.2464102284983914
2.59,0.2535897715016086,0.0,0.0,,,,False,False,,True,0.2535897715016086,0.0,0.2464102284983914
2.6,0.2535897715016086,0.0,0.0,,,,False,False,,True,0.2535897715016086,0.0,0.2464102284983914
2.61,0.2535897715016086,0.0,0.0,,,,False,False,,True,0.2535897715016086,0.0,0.2464102284983914
2.62,0.2535897715016086,0.0,0.0,,,,False,False,,True,0.2535897715016086,0.0,0.2464102284983914
2.63,0.2535897715016086,0.0,0.0,,,,False,False,,True,0.2535897715016086,0.0,0.2464102284983914
2.64,0.2535897715016086,0.0,0.0,,,,False,False,,True,0.2535897715016086,0.0,0.2464102284983914
2.65,0.2535897715016086,0.0,0.0,,,,False,False,,True,0.2535897715016086,0.0,0.2464102284983914
2.66,0.2535897715016086,0.0,0.0,,,,False,False,,True,0.2535897715016086,0.0,0.2464102284983914
2.67,0.2535897715016086,0.0,0.0,,,,False,False,,True,0.2535897715016086,0.0,0.2464102284983914
2.68,0.2535897715016086,0.0,0.0,,,,False,False,,True,0.2535897715016086,0.0,0.2464102284983914
2.69,0.2535897715016086,0.0,0.0,,,,False,False,,True,0.2535897715016086,0.0,0.2464102284983914
2.7,0.2535897715016086,0.0,0.0,,,,False,False,,True,0.2535897715016086,0.0,0.2464102284983914
2.71,0.2535897715016086,0.0,0.0,,,,False,False,,True,0.2535897715016086,0.0,0.2464102284983914
2.72,0.2535897715016086,0.0,0.0,,,,False,False,,True,0.2535897715016086,0.0,0.2464102284983914
2.73,0.2535897715016086,0.0,0.0,,,,False,False,,True,0.2535897715016086,0.0,0.2464102284983914
2.74,0.2535897715016086,0.0,0.0,,,,False,False,,True,0.2535897715016086,0.0,0.2464102284983914
2.75,0.2535897715016086,0.0,0.0,,,,False,False,,True,0.2535897715016086,0.0,0.2464102284983914
2.7600000000000002,0.2535897715016086,0.0,0.0,,,,False,False,,True,0.2535897715016086,0.0,0.2464102284983914
2.77,0.2535897715016086,0.0,0.0,,,,False,False,,True,0.2535897715016086,0.0,0.2464102284983914
2.7800000000000002,0.2535897715016086,0.0,0.0,,,,False,False,,True,0.2535897715016086,0.0,0.2464102284983914
2.79,0.2535897715016086,0.0,0.0,,,,False,False,,True,0.2535897715016086,0.0,0.2464102284983914
2.8000000000000003,0.2535897715016086,0.0,0.0,,,,False,False,,True,0.2535897715016086,0.0,0.2464102284983914
2.81,0.2535897715016086,0.0,0.0,,,,False,False,,True,0.2535897715016086,0.0,0.2464102284983914
2.82,0.2535897715016086,0.0,0.0,,,,False,False,,True,0.2535897715016086,0.0,0.2464102284983914
2.83,0.2535897715016086,0.0,0.0,,,,False,False,,True,0.2535897715016086,0.0,0.2464102284983914
2.84,0.2535897715016086,0.0,0.0,,,,False,False,,True,0.2535897715016086,0.0,0.2464102284983914
2.85,0.2535897715016086,0.0,0.0,,,,False,False,,True,0.2535897715016086,0.0,0.2464102284983914
2.86,0.2535897715016086,0.0,0.0,,,,False,False,,True,0.2535897715016086,0.0,0.2464102284983914
2.87,0.2535897715016086,0.0,0.0,,,,False,False,,True,0.2535897715016086,0.0,0.2464102284983914
2.88,0.2535897715016086,0.0,0.0,,,,False,False,,True,0.2535897715016086,0.0,0.2464102284983914
2.89,0.2535897715016086,0.0,0.0,,,,False,False,,True,0.2535897715016086,0.0,0.2464102284983914
2.9,0.2535897715016086,0.0,0.0,,,,False,False,,True,0.2535897715016086,0.0,0.2464102284983914
2.91,0.2535897715016086,0.0,0.0,,,,False,False,,True,0.2535897715016086,0.0,0.2464102284983914
2.92,0.2535897715016086,0.0,0.0,,,,False,False,,True,0.2535897715016086,0.0,0.2464102284983914
2.93,0.2535897715016086,0.0,0.0,,,,False,False,,True,0.2535897715016086,0.0,0.2464102284983914
2.94,0.2535897715016086,0.0,0.0,,,,False,False,,True,0.2535897715016086,0.0,0.2464102284983914
2.95,0.2535897715016086,0.0,0.0,,,,False,False,,True,0.2535897715016086,0.0,0.2464102284983914
2.96,0.2535897715016086,0.0,0.0,,,,False,False,,True,0.2535897715016086,0.0,0.2464102284983914
2.97,0.2535897715016086,0.0,0.0,,,,False,False,,True,0.2535897715016086,0.0,0.2464102284983914
2.98,0.2535897715016086,0.0,0.0,,,,False,False,,True,0.2535897715016086,0.0,0.2464102284983914
2.99,0.2535897715016086,0.0,0.0,,,,False,False,,True,0.2535897715016086,0.0,0.2464102284983914
3.0,0.2535897715016086,0.0,0.0,,,,False,False,,True,0.2535897715016086,0.0,0.2464102284983914
3.0100000000000002,0.2535897715016086,0.0,0.0,,,,False,False,,True,0.2535897715016086,0.0,0.2464102284983914
3.02,0.2535897715016086,0.0,0.0,,,,False,False,,True,0.2535897715016086,0.0,0.2464102284983914
3.0300000000000002,0.2535897715016086,0.0,0.0,,,,False,False,,True,0.2535897715016086,0.0,0.2464102284983914
3.04,0.2535897715016086,0.0,0.0,,,,False,False,,True,0.2535897715016086,0.0,0.2464102284983914
3.0500000000000003,0.2535897715016086,0.0,0.0,,,,False,False,,True,0.2535897715016086,0.0,0.2464102284983914
3.06,0.2535897715016086,0.0,0.0,,,,False,False,,True,0.2535897715016086,0.0,0.2464102284983914
3.0700000000000003,0.2535897715016086,0.0,0.0,,,,False,False,,True,0.2535897715016086,0.0,0.2464102284983914
3.08,0.2535897715016086,0.0,0.0,,,,False,False,,True,0.2535897715016086,0.0,0.2464102284983914
3.09,0.2535897715016086,0.0,0.0,,,,False,False,,True,0.2535897715016086,0.0,0.2464102284983914
3.1,0.2535897715016086,0.0,0.0,,,,False,False,,True,0.2535897715016086,0.0,0.2464102284983914
3.11,0.2535897715016086,0.0,0.0,,,,False,False,,True,0.2535897715016086,0.0,0.2464102284983914
3.12,0.2535897715016086,0.0,0.0,,,,False,False,,True,0.2535897715016086,0.0,0.2464102284983914
3.13,0.2535897715016086,0.0,0.0,,,,False,False,,True,0.2535897715016086,0.0,0.2464102284983914
3.14,0.2535897715016086,0.0,0.0,,,,False,False,,True,0.2535897715016086,0.0,0.2464102284983914
3.15,0.2535897715016086,0.0,0.0,,,,False,False,,True,0.2535897715016086,0.0,0.2464102284983914
3.16,0.2535897715016086,0.0,0.0,,,,False,False,,True,0.2535897715016086,0.0,0.2464102284983914
3.17,0.2535897715016086,0.0,0.0,,,,False,False,,True,0.2535897715016086,0.0,0.2464102284983914
3.18,0.2535897715016086,0.0,0.0,,,,False,False,,True,0.2535897715016086,0.0,0.2464102284983914
3.19,0.2535897715016086,0.0,0.0,,,,False,False,,True,0.2535897715016086,0.0,0.2464102284983914
3.2,0.2535897715016086,0.0,0.0,,,,False,False,,True,0.2535897715016086,0.0,0.2464102284983914
3.21,0.2535897715016086,0.0,0.0,,,,False,False,,True,0.2535897715016086,0.0,0.2464102284983914
3.22,0.2535897715016086,0.0,0.0,,,,False,False,,True,0.2535897715016086,0.0,0.2464102284983914
3.23,0.2535897715016086,0.0,0.0,,,,False,False,,True,0.2535897715016086,0.0,0.2464102284983914
3.24,0.2535897715016086,0.0,0.0,,,,False,False,,True,0.2535897715016086,0.0,0.2464102284983914
3.25,0.2535897715016086,0.0,0.0,,,,False,False,,True,0.2535897715016086,0.0,0.2464102284983914
3.2600000000000002,0.2535897715016086,0.0,0.0,,,,False,False,,True,0.2535897715016086,0.0,0.2464102284983914
3.27,0.2535897715016086,0.0,0.0,,,,False,False,,True,0.2535897715016086,0.0,0.2464102284983914
3.2800000000000002,0.2535897715016086,0.0,0.0,,,,False,False,,True,0.2535897715016086,0.0,0.2464102284983914
3.29,0.2535897715016086,0.0,0.0,,,,False,False,,True,0.2535897715016086,0.0,0.2464102284983914
3.3000000000000003,0.2535897715016086,0.0,0.0,,,,False,False,,True,0.2535897715016086,0.0,0.2464102284983914
3.31,0.2535897715016086,0.0,0.0,,,,False,False,,True,0.2535897715016086,0.0,0.2464102284983914
3.3200000000000003,0.2535897715016086,0.0,0.0,,,,False,False,,True,0.2535897715016086,0.0,0.2464102284983914
3.33,0.2535897715016086,0.0,0.0,,,,False,False,,True,0.2535897715016086,0.0,0.2464102284983914
3.34,0.2535897715016086,0.0,0.0,,,,False,False,,True,0.2535897715016086,0.0,0.2464102284983914
3.35,0.2535897715016086,0.0,0.0,,,,False,False,,True,0.2535897715016086,0.0,0.2464102284983914
3.36,0.2535897715016086,0.0,0.0,,,,False,False,,True,0.2535897715016086,0.0,0.2464102284983914
3.37,0.2535897715016086,0.0,0.0,,,,False,False,,True,0.2535897715016086,0.0,0.2464102284983914
3.38,0.2535897715016086,0.0,0.0,,,,False,False,,True,0.2535897715016086,0.0,0.2464102284983914
3.39,0.2535897715016086,0.0,0.0,,,,False,False,,True,0.2535897715016086,0.0,0.2464102284983914
3.4,0.2535897715016086,0.0,0.0,,,,False,False,,True,0.2535897715016086,0.0,0.2464102284983914
3.41,0.2535897715016086,0.0,0.0,,,,False,False,,True,0.2535897715016086,0.0,0.2464102284983914
3.42,0.2535897715016086,0.0,0.0,,,,False,False,,True,0.2535897715016086,0.0,0.2464102284983914
3.43,0.2535897715016086,0.0,0.0,,,,False,False,,True,0.2535897715016086,0.0,0.2464102284983914
3.44,0.2535897715016086,0.0,0.0,,,,False,False,,True,0.2535897715016086,0.0,0.2464102284983914
3.45,0.2535897715016086,0.0,0.0,,,,False,False,,True,0.2535897715016086,0.0,0.2464102284983914
3.46,0.2535897715016086,0.0,0.0,,,,False,False,,True,0.2535897715016086,0.0,0.2464102284983914
3.47,0.2535897715016086,0.0,0.0,,,,False,False,,True,0.2535897715016086,0.0,0.2464102284983914
3.48,0.2535897715016086,0.0,0.0,,,,False,False,,True,0.2535897715016086,0.0,0.2464102284983914
3.49,0.2535897715016086,0.0,0.0,,,,False,False,,True,0.2535897715016086,0.0,0.2464102284983914
3.5,0.2535897715016086,0.0,0.0,,,,False,False,,True,0.2535897715016086,0.0,0.2464102284983914
3.5100000000000002,0.2535897715016086,0.0,0.0,,,,False,False,,True,0.2535897715016086,0.0,0.2464102284983914
3.52,0.2535897715016086,0.0,0.0,,,,False,False,,True,0.2535897715016086,0.0,0.2464102284983914
3.5300000000000002,0.2535897715016086,0.0,0.0,,,,False,False,,True,0.2535897715016086,0.0,0.2464102284983914
3.54,0.2535897715016086,0.0,0.0,,,,False,False,,True,0.2535897715016086,0.0,0.2464102284983914
3.5500000000000003,0.2535897715016086,0.0,0.0,,,,False,False,,True,0.2535897715016086,0.0,0.2464102284983914
3.56,0.2535897715016086,0.0,0.0,,,,False,False,,True,0.2535897715016086,0.0,0.2464102284983914
3.5700000000000003,0.2535897715016086,0.0,0.0,,,,False,False,,True,0.2535897715016086,0.0,0.2464102284983914
3.58,0.2535897715016086,0.0,0.0,,,,False,False,,True,0.2535897715016086,0.0,0.2464102284983914
3.59,0.2535897715016086,0.0,0.0,,,,False,False,,True,0.2535897715016086,0.0,0.2464102284983914
3.6,0.2535897715016086,0.0,0.0,,,,False,False,,True,0.2535897715016086,0.0,0.2464102284983914
3.61,0.2535897715016086,0.0,0.0,,,,False,False,,True,0.2535897715016086,0.0,0.2464102284983914
3.62,0.2535897715016086,0.0,0.0,,,,False,False,,True,0.2535897715016086,0.0,0.2464102284983914
3.63,0.2535897715016086,0.0,0.0,,,,False,False,,True,0.2535897715016086,0.0,0.2464102284983914
3.64,0.2535897715016086,0.0,0.0,,,,False,False,,True,0.2535897715016086,0.0,0.2464102284983914
3.65,0.2535897715016086,0.0,0.0,,,,False,False,,True,0.2535897715016086,0.0,0.2464102284983914
3.66,0.2535897715016086,0.0,0.0,,,,False,False,,True,0.2535897715016086,0.0,0.2464102284983914
3.67,0.2535897715016086,0.0,0.0,,,,False,False,,True,0.2535897715016086,0.0,0.2464102284983914
3.68,0.2535897715016086,0.0,0.0,,,,False,False,,True,0.2535897715016086,0.0,0.2464102284983914
3.69,0.2535897715016086,0.0,0.0,,,,False,False,,True,0.2535897715016086,0.0,0.2464102284983914
3.7,0.2535897715016086,0.0,0.0,,,,False,False,,True,0.2535897715016086,0.0,0.2464102284983914
3.71,0.2535897715016086,0.0,0.0,,,,False,False,,True,0.2535897715016086,0.0,0.2464102284983914
3.72,0.2535897715016086,0.0,0.0,,,,False,False,,True,0.2535897715016086,0.0,0.2464102284983914
3.73,0.2535897715016086,0.0,0.0,,,,False,False,,True,0.2535897715016086,0.0,0.2464102284983914
3.74,0.2535897715016086,0.0,0.0,,,,False,False,,True,0.2535897715016086,0.0,0.2464102284983914
3.75,0.2535897715016086,0.0,0.0,,,,False,False,,True,0.2535897715016086,0.0,0.2464102284983914
3.7600000000000002,0.2535897715016086,0.0,0.0,,,,False,False,,True,0.2535897715016086,0.0,0.2464102284983914
3.77,0.2535897715016086,0.0,0.0,,,,False,False,,True,0.2535897715016086,0.0,0.2464102284983914
3.7800000000000002,0.2535897715016086,0.0,0.0,,,,False,False,,True,0.2535897715016086,0.0,0.2464102284983914
3.79,0.2535897715016086,0.0,0.0,,,,False,False,,True,0.2535897715016086,0.0,0.2464102284983914
3.8000000000000003,0.2535897715016086,0.0,0.0,,,,False,False,,True,0.2535897715016086,0.0,0.2464102284983914
3.81,0.2535897715016086,0.0,0.0,,,,False,False,,True,0.2535897715016086,0.0,0.2464102284983914
3.8200000000000003,0.2535897715016086,0.0,0.0,,,,False,False,,True,0.2535897715016086,0.0,0.2464102284983914
3.83,0.2535897715016086,0.0,0.0,,,,False,False,,True,0.2535897715016086,0.0,0.2464102284983914
3.84,0.2535897715016086,0.0,0.0,,,,False,False,,True,0.2535897715016086,0.0,0.2464102284983914
3.85,0.2535897715016086,0.0,0.0,,,,False,False,,True,0.2535897715016086,0.0,0.2464102284983914
3.86,0.2535897715016086,0.0,0.0,,,,False,False,,True,0.2535897715016086,0.0,0.2464102284983914
3.87,0.2535897715016086,0.0,0.0,,,,False,False,,True,0.2535897715016086,0.0,0.2464102284983914
3.88,0.2535897715016086,0.0,0.0,,,,False,False,,True,0.2535897715016086,0.0,0.2464102284983914
3.89,0.2535897715016086,0.0,0.0,,,,False,False,,True,0.2535897715016086,0.0,0.2464102284983914
3.9,0.2535897715016086,0.0,0.0,,,,False,False,,True,0.2535897715016086,0.0,0.2464102284983914
3.91,0.2535897715016086,0.0,0.0,,,,False,False,,True,0.2535897715016086,0.0,0.2464102284983914
3.92,0.2535897715016086,0.0,0.0,,,,False,False,,True,0.2535897715016086,0.0,0.2464102284983914
3.93,0.2535897715016086,0.0,0.0,,,,False,False,,True,0.2535897715016086,0.0,0.2464102284983914
3.94,0.2535897715016086,0.0,0.0,,,,False,False,,True,0.2535897715016086,0.0,0.2464102284983914
3.95,0.2535897715016086,0.0,0.0,,,,False,False,,True,0.2535897715016086,0.0,0.2464102284983914
3.96,0.2535897715016086,0.0,0.0,,,,False,False,,True,0.2535897715016086,0.0,0.2464102284983914
3.97,0.2535897715016086,0.0,0.0,,,,False,False,,True,0.2535897715016086,0.0,0.2464102284983914
3.98,0.2535897715016086,0.0,0.0,,,,False,False,,True,0.2535897715016086,0.0,0.2464102284983914
3.99,0.2535897715016086,0.0,0.0,,,,False,False,,True,0.2535897715016086,0.0,0.2464102284983914
